code,name,cityCode,provinceCode,name_norm
110101,东城区,1101,11,东城区
110102,西城区,1101,11,西城区
110105,朝阳区,1101,11,朝阳区
110106,丰台区,1101,11,丰台区
110107,石景山区,1101,11,石景山区
110108,海淀区,1101,11,海淀区
110109,门头沟区,1101,11,门头沟区
110111,房山区,1101,11,房山区
110112,通州区,1101,11,通州区
110113,顺义区,1101,11,顺义区
110114,昌平区,1101,11,昌平区
110115,大兴区,1101,11,大兴区
110116,怀柔区,1101,11,怀柔区
110117,平谷区,1101,11,平谷区
110118,密云区,1101,11,密云区
110119,延庆区,1101,11,延庆区
120101,和平区,1201,12,和平区
120102,河东区,1201,12,河东区
120103,河西区,1201,12,河西区
120104,南开区,1201,12,南开区
120105,河北区,1201,12,河北区
120106,红桥区,1201,12,红桥区
120110,东丽区,1201,12,东丽区
120111,西青区,1201,12,西青区
120112,津南区,1201,12,津南区
120113,北辰区,1201,12,北辰区
120114,武清区,1201,12,武清区
120115,宝坻区,1201,12,宝坻区
120116,滨海新区,1201,12,滨海新区
120117,宁河区,1201,12,宁河区
120118,静海区,1201,12,静海区
120119,蓟州区,1201,12,蓟州区
130102,长安区,1301,13,长安区
130104,桥西区,1301,13,桥西区
130105,新华区,1301,13,新华区
130107,井陉矿区,1301,13,井陉矿区
130108,裕华区,1301,13,裕华区
130109,藁城区,1301,13,藁城区
130110,鹿泉区,1301,13,鹿泉区
130111,栾城区,1301,13,栾城区
130121,井陉县,1301,13,井陉县
130123,正定县,1301,13,正定县
130125,行唐县,1301,13,行唐县
130126,灵寿县,1301,13,灵寿县
130127,高邑县,1301,13,高邑县
130128,深泽县,1301,13,深泽县
130129,赞皇县,1301,13,赞皇县
130130,无极县,1301,13,无极县
130131,平山县,1301,13,平山县
130132,元氏县,1301,13,元氏县
130133,赵县,1301,13,赵县
130171,石家庄高新技术产业开发区,1301,13,石家庄高新技术产业开发区
130172,石家庄循环化工园区,1301,13,石家庄循环化工园区
130181,辛集市,1301,13,辛集市
130183,晋州市,1301,13,晋州市
130184,新乐市,1301,13,新乐市
130202,路南区,1302,13,路南区
130203,路北区,1302,13,路北区
130204,古冶区,1302,13,古冶区
130205,开平区,1302,13,开平区
130207,丰南区,1302,13,丰南区
130208,丰润区,1302,13,丰润区
130209,曹妃甸区,1302,13,曹妃甸区
130224,滦南县,1302,13,滦南县
130225,乐亭县,1302,13,乐亭县
130227,迁西县,1302,13,迁西县
130229,玉田县,1302,13,玉田县
130271,河北唐山芦台经济开发区,1302,13,河北唐山芦台经济开发区
130272,唐山市汉沽管理区,1302,13,唐山市汉沽管理区
130273,唐山高新技术产业开发区,1302,13,唐山高新技术产业开发区
130274,河北唐山海港经济开发区,1302,13,河北唐山海港经济开发区
130281,遵化市,1302,13,遵化市
130283,迁安市,1302,13,迁安市
130284,滦州市,1302,13,滦州市
130302,海港区,1303,13,海港区
130303,山海关区,1303,13,山海关区
130304,北戴河区,1303,13,北戴河区
130306,抚宁区,1303,13,抚宁区
130321,青龙满族自治县,1303,13,青龙满族自治县
130322,昌黎县,1303,13,昌黎县
130324,卢龙县,1303,13,卢龙县
130371,秦皇岛市经济技术开发区,1303,13,秦皇岛市经济技术开发区
130372,北戴河新区,1303,13,北戴河新区
130402,邯山区,1304,13,邯山区
130403,丛台区,1304,13,丛台区
130404,复兴区,1304,13,复兴区
130406,峰峰矿区,1304,13,峰峰矿区
130407,肥乡区,1304,13,肥乡区
130408,永年区,1304,13,永年区
130423,临漳县,1304,13,临漳县
130424,成安县,1304,13,成安县
130425,大名县,1304,13,大名县
130426,涉县,1304,13,涉县
130427,磁县,1304,13,磁县
130430,邱县,1304,13,邱县
130431,鸡泽县,1304,13,鸡泽县
130432,广平县,1304,13,广平县
130433,馆陶县,1304,13,馆陶县
130434,魏县,1304,13,魏县
130435,曲周县,1304,13,曲周县
130471,邯郸经济技术开发区,1304,13,邯郸经济技术开发区
130473,邯郸冀南新区,1304,13,邯郸冀南新区
130481,武安市,1304,13,武安市
130502,桥东区,1305,13,桥东区
130503,桥西区,1305,13,桥西区
130521,邢台县,1305,13,邢台县
130522,临城县,1305,13,临城县
130523,内丘县,1305,13,内丘县
130524,柏乡县,1305,13,柏乡县
130525,隆尧县,1305,13,隆尧县
130526,任县,1305,13,任县
130527,南和县,1305,13,南和县
130528,宁晋县,1305,13,宁晋县
130529,巨鹿县,1305,13,巨鹿县
130530,新河县,1305,13,新河县
130531,广宗县,1305,13,广宗县
130532,平乡县,1305,13,平乡县
130533,威县,1305,13,威县
130534,清河县,1305,13,清河县
130535,临西县,1305,13,临西县
130571,河北邢台经济开发区,1305,13,河北邢台经济开发区
130581,南宫市,1305,13,南宫市
130582,沙河市,1305,13,沙河市
130602,竞秀区,1306,13,竞秀区
130606,莲池区,1306,13,莲池区
130607,满城区,1306,13,满城区
130608,清苑区,1306,13,清苑区
130609,徐水区,1306,13,徐水区
130623,涞水县,1306,13,涞水县
130624,阜平县,1306,13,阜平县
130626,定兴县,1306,13,定兴县
130627,唐县,1306,13,唐县
130628,高阳县,1306,13,高阳县
130629,容城县,1306,13,容城县
130630,涞源县,1306,13,涞源县
130631,望都县,1306,13,望都县
130632,安新县,1306,13,安新县
130633,易县,1306,13,易县
130634,曲阳县,1306,13,曲阳县
130635,蠡县,1306,13,蠡县
130636,顺平县,1306,13,顺平县
130637,博野县,1306,13,博野县
130638,雄县,1306,13,雄县
130671,保定高新技术产业开发区,1306,13,保定高新技术产业开发区
130672,保定白沟新城,1306,13,保定白沟新城
130681,涿州市,1306,13,涿州市
130682,定州市,1306,13,定州市
130683,安国市,1306,13,安国市
130684,高碑店市,1306,13,高碑店市
130702,桥东区,1307,13,桥东区
130703,桥西区,1307,13,桥西区
130705,宣化区,1307,13,宣化区
130706,下花园区,1307,13,下花园区
130708,万全区,1307,13,万全区
130709,崇礼区,1307,13,崇礼区
130722,张北县,1307,13,张北县
130723,康保县,1307,13,康保县
130724,沽源县,1307,13,沽源县
130725,尚义县,1307,13,尚义县
130726,蔚县,1307,13,蔚县
130727,阳原县,1307,13,阳原县
130728,怀安县,1307,13,怀安县
130730,怀来县,1307,13,怀来县
130731,涿鹿县,1307,13,涿鹿县
130732,赤城县,1307,13,赤城县
130771,张家口经济开发区,1307,13,张家口经济开发区
130772,张家口市察北管理区,1307,13,张家口市察北管理区
130773,张家口市塞北管理区,1307,13,张家口市塞北管理区
130802,双桥区,1308,13,双桥区
130803,双滦区,1308,13,双滦区
130804,鹰手营子矿区,1308,13,鹰手营子矿区
130821,承德县,1308,13,承德县
130822,兴隆县,1308,13,兴隆县
130824,滦平县,1308,13,滦平县
130825,隆化县,1308,13,隆化县
130826,丰宁满族自治县,1308,13,丰宁满族自治县
130827,宽城满族自治县,1308,13,宽城满族自治县
130828,围场满族蒙古族自治县,1308,13,围场满族蒙古族自治县
130871,承德高新技术产业开发区,1308,13,承德高新技术产业开发区
130881,平泉市,1308,13,平泉市
130902,新华区,1309,13,新华区
130903,运河区,1309,13,运河区
130921,沧县,1309,13,沧县
130922,青县,1309,13,青县
130923,东光县,1309,13,东光县
130924,海兴县,1309,13,海兴县
130925,盐山县,1309,13,盐山县
130926,肃宁县,1309,13,肃宁县
130927,南皮县,1309,13,南皮县
130928,吴桥县,1309,13,吴桥县
130929,献县,1309,13,献县
130930,孟村回族自治县,1309,13,孟村回族自治县
130971,河北沧州经济开发区,1309,13,河北沧州经济开发区
130972,沧州高新技术产业开发区,1309,13,沧州高新技术产业开发区
130973,沧州渤海新区,1309,13,沧州渤海新区
130981,泊头市,1309,13,泊头市
130982,任丘市,1309,13,任丘市
130983,黄骅市,1309,13,黄骅市
130984,河间市,1309,13,河间市
131002,安次区,1310,13,安次区
131003,广阳区,1310,13,广阳区
131022,固安县,1310,13,固安县
131023,永清县,1310,13,永清县
131024,香河县,1310,13,香河县
131025,大城县,1310,13,大城县
131026,文安县,1310,13,文安县
131028,大厂回族自治县,1310,13,大厂回族自治县
131071,廊坊经济技术开发区,1310,13,廊坊经济技术开发区
131081,霸州市,1310,13,霸州市
131082,三河市,1310,13,三河市
131102,桃城区,1311,13,桃城区
131103,冀州区,1311,13,冀州区
131121,枣强县,1311,13,枣强县
131122,武邑县,1311,13,武邑县
131123,武强县,1311,13,武强县
131124,饶阳县,1311,13,饶阳县
131125,安平县,1311,13,安平县
131126,故城县,1311,13,故城县
131127,景县,1311,13,景县
131128,阜城县,1311,13,阜城县
131171,河北衡水高新技术产业开发区,1311,13,河北衡水高新技术产业开发区
131172,衡水滨湖新区,1311,13,衡水滨湖新区
131182,深州市,1311,13,深州市
140105,小店区,1401,14,小店区
140106,迎泽区,1401,14,迎泽区
140107,杏花岭区,1401,14,杏花岭区
140108,尖草坪区,1401,14,尖草坪区
140109,万柏林区,1401,14,万柏林区
140110,晋源区,1401,14,晋源区
140121,清徐县,1401,14,清徐县
140122,阳曲县,1401,14,阳曲县
140123,娄烦县,1401,14,娄烦县
140171,山西转型综合改革示范区,1401,14,山西转型综合改革示范区
140181,古交市,1401,14,古交市
140212,新荣区,1402,14,新荣区
140213,平城区,1402,14,平城区
140214,云冈区,1402,14,云冈区
140215,云州区,1402,14,云州区
140221,阳高县,1402,14,阳高县
140222,天镇县,1402,14,天镇县
140223,广灵县,1402,14,广灵县
140224,灵丘县,1402,14,灵丘县
140225,浑源县,1402,14,浑源县
140226,左云县,1402,14,左云县
140271,山西大同经济开发区,1402,14,山西大同经济开发区
140302,城区,1403,14,城区
140303,矿区,1403,14,矿区
140311,郊区,1403,14,郊区
140321,平定县,1403,14,平定县
140322,盂县,1403,14,盂县
140403,潞州区,1404,14,潞州区
140404,上党区,1404,14,上党区
140405,屯留区,1404,14,屯留区
140406,潞城区,1404,14,潞城区
140423,襄垣县,1404,14,襄垣县
140425,平顺县,1404,14,平顺县
140426,黎城县,1404,14,黎城县
140427,壶关县,1404,14,壶关县
140428,长子县,1404,14,长子县
140429,武乡县,1404,14,武乡县
140430,沁县,1404,14,沁县
140431,沁源县,1404,14,沁源县
140471,山西长治高新技术产业园区,1404,14,山西长治高新技术产业园区
140502,城区,1405,14,城区
140521,沁水县,1405,14,沁水县
140522,阳城县,1405,14,阳城县
140524,陵川县,1405,14,陵川县
140525,泽州县,1405,14,泽州县
140581,高平市,1405,14,高平市
140602,朔城区,1406,14,朔城区
140603,平鲁区,1406,14,平鲁区
140621,山阴县,1406,14,山阴县
140622,应县,1406,14,应县
140623,右玉县,1406,14,右玉县
140671,山西朔州经济开发区,1406,14,山西朔州经济开发区
140681,怀仁市,1406,14,怀仁市
140702,榆次区,1407,14,榆次区
140721,榆社县,1407,14,榆社县
140722,左权县,1407,14,左权县
140723,和顺县,1407,14,和顺县
140724,昔阳县,1407,14,昔阳县
140725,寿阳县,1407,14,寿阳县
140726,太谷县,1407,14,太谷县
140727,祁县,1407,14,祁县
140728,平遥县,1407,14,平遥县
140729,灵石县,1407,14,灵石县
140781,介休市,1407,14,介休市
140802,盐湖区,1408,14,盐湖区
140821,临猗县,1408,14,临猗县
140822,万荣县,1408,14,万荣县
140823,闻喜县,1408,14,闻喜县
140824,稷山县,1408,14,稷山县
140825,新绛县,1408,14,新绛县
140826,绛县,1408,14,绛县
140827,垣曲县,1408,14,垣曲县
140828,夏县,1408,14,夏县
140829,平陆县,1408,14,平陆县
140830,芮城县,1408,14,芮城县
140881,永济市,1408,14,永济市
140882,河津市,1408,14,河津市
140902,忻府区,1409,14,忻府区
140921,定襄县,1409,14,定襄县
140922,五台县,1409,14,五台县
140923,代县,1409,14,代县
140924,繁峙县,1409,14,繁峙县
140925,宁武县,1409,14,宁武县
140926,静乐县,1409,14,静乐县
140927,神池县,1409,14,神池县
140928,五寨县,1409,14,五寨县
140929,岢岚县,1409,14,岢岚县
140930,河曲县,1409,14,河曲县
140931,保德县,1409,14,保德县
140932,偏关县,1409,14,偏关县
140971,五台山风景名胜区,1409,14,五台山风景名胜区
140981,原平市,1409,14,原平市
141002,尧都区,1410,14,尧都区
141021,曲沃县,1410,14,曲沃县
141022,翼城县,1410,14,翼城县
141023,襄汾县,1410,14,襄汾县
141024,洪洞县,1410,14,洪洞县
141025,古县,1410,14,古县
141026,安泽县,1410,14,安泽县
141027,浮山县,1410,14,浮山县
141028,吉县,1410,14,吉县
141029,乡宁县,1410,14,乡宁县
141030,大宁县,1410,14,大宁县
141031,隰县,1410,14,隰县
141032,永和县,1410,14,永和县
141033,蒲县,1410,14,蒲县
141034,汾西县,1410,14,汾西县
141081,侯马市,1410,14,侯马市
141082,霍州市,1410,14,霍州市
141102,离石区,1411,14,离石区
141121,文水县,1411,14,文水县
141122,交城县,1411,14,交城县
141123,兴县,1411,14,兴县
141124,临县,1411,14,临县
141125,柳林县,1411,14,柳林县
141126,石楼县,1411,14,石楼县
141127,岚县,1411,14,岚县
141128,方山县,1411,14,方山县
141129,中阳县,1411,14,中阳县
141130,交口县,1411,14,交口县
141181,孝义市,1411,14,孝义市
141182,汾阳市,1411,14,汾阳市
150102,新城区,1501,15,新城区
150103,回民区,1501,15,回民区
150104,玉泉区,1501,15,玉泉区
150105,赛罕区,1501,15,赛罕区
150121,土默特左旗,1501,15,土默特左旗
150122,托克托县,1501,15,托克托县
150123,和林格尔县,1501,15,和林格尔县
150124,清水河县,1501,15,清水河县
150125,武川县,1501,15,武川县
150171,呼和浩特金海工业园区,1501,15,呼和浩特金海工业园区
150172,呼和浩特经济技术开发区,1501,15,呼和浩特经济技术开发区
150202,东河区,1502,15,东河区
150203,昆都仑区,1502,15,昆都仑区
150204,青山区,1502,15,青山区
150205,石拐区,1502,15,石拐区
150206,白云鄂博矿区,1502,15,白云鄂博矿区
150207,九原区,1502,15,九原区
150221,土默特右旗,1502,15,土默特右旗
150222,固阳县,1502,15,固阳县
150223,达尔罕茂明安联合旗,1502,15,达尔罕茂明安联合旗
150271,包头稀土高新技术产业开发区,1502,15,包头稀土高新技术产业开发区
150302,海勃湾区,1503,15,海勃湾区
150303,海南区,1503,15,海南区
150304,乌达区,1503,15,乌达区
150402,红山区,1504,15,红山区
150403,元宝山区,1504,15,元宝山区
150404,松山区,1504,15,松山区
150421,阿鲁科尔沁旗,1504,15,阿鲁科尔沁旗
150422,巴林左旗,1504,15,巴林左旗
150423,巴林右旗,1504,15,巴林右旗
150424,林西县,1504,15,林西县
150425,克什克腾旗,1504,15,克什克腾旗
150426,翁牛特旗,1504,15,翁牛特旗
150428,喀喇沁旗,1504,15,喀喇沁旗
150429,宁城县,1504,15,宁城县
150430,敖汉旗,1504,15,敖汉旗
150502,科尔沁区,1505,15,科尔沁区
150521,科尔沁左翼中旗,1505,15,科尔沁左翼中旗
150522,科尔沁左翼后旗,1505,15,科尔沁左翼后旗
150523,开鲁县,1505,15,开鲁县
150524,库伦旗,1505,15,库伦旗
150525,奈曼旗,1505,15,奈曼旗
150526,扎鲁特旗,1505,15,扎鲁特旗
150571,通辽经济技术开发区,1505,15,通辽经济技术开发区
150581,霍林郭勒市,1505,15,霍林郭勒市
150602,东胜区,1506,15,东胜区
150603,康巴什区,1506,15,康巴什区
150621,达拉特旗,1506,15,达拉特旗
150622,准格尔旗,1506,15,准格尔旗
150623,鄂托克前旗,1506,15,鄂托克前旗
150624,鄂托克旗,1506,15,鄂托克旗
150625,杭锦旗,1506,15,杭锦旗
150626,乌审旗,1506,15,乌审旗
150627,伊金霍洛旗,1506,15,伊金霍洛旗
150702,海拉尔区,1507,15,海拉尔区
150703,扎赉诺尔区,1507,15,扎赉诺尔区
150721,阿荣旗,1507,15,阿荣旗
150722,莫力达瓦达斡尔族自治旗,1507,15,莫力达瓦达斡尔族自治旗
150723,鄂伦春自治旗,1507,15,鄂伦春自治旗
150724,鄂温克族自治旗,1507,15,鄂温克族自治旗
150725,陈巴尔虎旗,1507,15,陈巴尔虎旗
150726,新巴尔虎左旗,1507,15,新巴尔虎左旗
150727,新巴尔虎右旗,1507,15,新巴尔虎右旗
150781,满洲里市,1507,15,满洲里市
150782,牙克石市,1507,15,牙克石市
150783,扎兰屯市,1507,15,扎兰屯市
150784,额尔古纳市,1507,15,额尔古纳市
150785,根河市,1507,15,根河市
150802,临河区,1508,15,临河区
150821,五原县,1508,15,五原县
150822,磴口县,1508,15,磴口县
150823,乌拉特前旗,1508,15,乌拉特前旗
150824,乌拉特中旗,1508,15,乌拉特中旗
150825,乌拉特后旗,1508,15,乌拉特后旗
150826,杭锦后旗,1508,15,杭锦后旗
150902,集宁区,1509,15,集宁区
150921,卓资县,1509,15,卓资县
150922,化德县,1509,15,化德县
150923,商都县,1509,15,商都县
150924,兴和县,1509,15,兴和县
150925,凉城县,1509,15,凉城县
150926,察哈尔右翼前旗,1509,15,察哈尔右翼前旗
150927,察哈尔右翼中旗,1509,15,察哈尔右翼中旗
150928,察哈尔右翼后旗,1509,15,察哈尔右翼后旗
150929,四子王旗,1509,15,四子王旗
150981,丰镇市,1509,15,丰镇市
152201,乌兰浩特市,1522,15,乌兰浩特市
152202,阿尔山市,1522,15,阿尔山市
152221,科尔沁右翼前旗,1522,15,科尔沁右翼前旗
152222,科尔沁右翼中旗,1522,15,科尔沁右翼中旗
152223,扎赉特旗,1522,15,扎赉特旗
152224,突泉县,1522,15,突泉县
152501,二连浩特市,1525,15,二连浩特市
152502,锡林浩特市,1525,15,锡林浩特市
152522,阿巴嘎旗,1525,15,阿巴嘎旗
152523,苏尼特左旗,1525,15,苏尼特左旗
152524,苏尼特右旗,1525,15,苏尼特右旗
152525,东乌珠穆沁旗,1525,15,东乌珠穆沁旗
152526,西乌珠穆沁旗,1525,15,西乌珠穆沁旗
152527,太仆寺旗,1525,15,太仆寺旗
152528,镶黄旗,1525,15,镶黄旗
152529,正镶白旗,1525,15,正镶白旗
152530,正蓝旗,1525,15,正蓝旗
152531,多伦县,1525,15,多伦县
152571,乌拉盖管委会,1525,15,乌拉盖管
152921,阿拉善左旗,1529,15,阿拉善左旗
152922,阿拉善右旗,1529,15,阿拉善右旗
152923,额济纳旗,1529,15,额济纳旗
152971,内蒙古阿拉善经济开发区,1529,15,内蒙古阿拉善经济开发区
210102,和平区,2101,21,和平区
210103,沈河区,2101,21,沈河区
210104,大东区,2101,21,大东区
210105,皇姑区,2101,21,皇姑区
210106,铁西区,2101,21,铁西区
210111,苏家屯区,2101,21,苏家屯区
210112,浑南区,2101,21,浑南区
210113,沈北新区,2101,21,沈北新区
210114,于洪区,2101,21,于洪区
210115,辽中区,2101,21,辽中区
210123,康平县,2101,21,康平县
210124,法库县,2101,21,法库县
210181,新民市,2101,21,新民市
210202,中山区,2102,21,中山区
210203,西岗区,2102,21,西岗区
210204,沙河口区,2102,21,沙河口区
210211,甘井子区,2102,21,甘井子区
210212,旅顺口区,2102,21,旅顺口区
210213,金州区,2102,21,金州区
210214,普兰店区,2102,21,普兰店区
210224,长海县,2102,21,长海县
210281,瓦房店市,2102,21,瓦房店市
210283,庄河市,2102,21,庄河市
210302,铁东区,2103,21,铁东区
210303,铁西区,2103,21,铁西区
210304,立山区,2103,21,立山区
210311,千山区,2103,21,千山区
210321,台安县,2103,21,台安县
210323,岫岩满族自治县,2103,21,岫岩满族自治县
210381,海城市,2103,21,海城市
210402,新抚区,2104,21,新抚区
210403,东洲区,2104,21,东洲区
210404,望花区,2104,21,望花区
210411,顺城区,2104,21,顺城区
210421,抚顺县,2104,21,抚顺县
210422,新宾满族自治县,2104,21,新宾满族自治县
210423,清原满族自治县,2104,21,清原满族自治县
210502,平山区,2105,21,平山区
210503,溪湖区,2105,21,溪湖区
210504,明山区,2105,21,明山区
210505,南芬区,2105,21,南芬区
210521,本溪满族自治县,2105,21,本溪满族自治县
210522,桓仁满族自治县,2105,21,桓仁满族自治县
210602,元宝区,2106,21,元宝区
210603,振兴区,2106,21,振兴区
210604,振安区,2106,21,振安区
210624,宽甸满族自治县,2106,21,宽甸满族自治县
210681,东港市,2106,21,东港市
210682,凤城市,2106,21,凤城市
210702,古塔区,2107,21,古塔区
210703,凌河区,2107,21,凌河区
210711,太和区,2107,21,太和区
210726,黑山县,2107,21,黑山县
210727,义县,2107,21,义县
210781,凌海市,2107,21,凌海市
210782,北镇市,2107,21,北镇市
210802,站前区,2108,21,站前区
210803,西市区,2108,21,西市区
210804,鲅鱼圈区,2108,21,鲅鱼圈区
210811,老边区,2108,21,老边区
210881,盖州市,2108,21,盖州市
210882,大石桥市,2108,21,大石桥市
210902,海州区,2109,21,海州区
210903,新邱区,2109,21,新邱区
210904,太平区,2109,21,太平区
210905,清河门区,2109,21,清河门区
210911,细河区,2109,21,细河区
210921,阜新蒙古族自治县,2109,21,阜新蒙古族自治县
210922,彰武县,2109,21,彰武县
211002,白塔区,2110,21,白塔区
211003,文圣区,2110,21,文圣区
211004,宏伟区,2110,21,宏伟区
211005,弓长岭区,2110,21,弓长岭区
211011,太子河区,2110,21,太子河区
211021,辽阳县,2110,21,辽阳县
211081,灯塔市,2110,21,灯塔市
211102,双台子区,2111,21,双台子区
211103,兴隆台区,2111,21,兴隆台区
211104,大洼区,2111,21,大洼区
211122,盘山县,2111,21,盘山县
211202,银州区,2112,21,银州区
211204,清河区,2112,21,清河区
211221,铁岭县,2112,21,铁岭县
211223,西丰县,2112,21,西丰县
211224,昌图县,2112,21,昌图县
211281,调兵山市,2112,21,调兵山市
211282,开原市,2112,21,开原市
211302,双塔区,2113,21,双塔区
211303,龙城区,2113,21,龙城区
211321,朝阳县,2113,21,朝阳县
211322,建平县,2113,21,建平县
211324,喀喇沁左翼蒙古族自治县,2113,21,喀喇沁左翼蒙古族自治县
211381,北票市,2113,21,北票市
211382,凌源市,2113,21,凌源市
211402,连山区,2114,21,连山区
211403,龙港区,2114,21,龙港区
211404,南票区,2114,21,南票区
211421,绥中县,2114,21,绥中县
211422,建昌县,2114,21,建昌县
211481,兴城市,2114,21,兴城市
220102,南关区,2201,22,南关区
220103,宽城区,2201,22,宽城区
220104,朝阳区,2201,22,朝阳区
220105,二道区,2201,22,二道区
220106,绿园区,2201,22,绿园区
220112,双阳区,2201,22,双阳区
220113,九台区,2201,22,九台区
220122,农安县,2201,22,农安县
220171,长春经济技术开发区,2201,22,长春经济技术开发区
220172,长春净月高新技术产业开发区,2201,22,长春净月高新技术产业开发区
220173,长春高新技术产业开发区,2201,22,长春高新技术产业开发区
220174,长春汽车经济技术开发区,2201,22,长春汽车经济技术开发区
220182,榆树市,2201,22,榆树市
220183,德惠市,2201,22,德惠市
220202,昌邑区,2202,22,昌邑区
220203,龙潭区,2202,22,龙潭区
220204,船营区,2202,22,船营区
220211,丰满区,2202,22,丰满区
220221,永吉县,2202,22,永吉县
220271,吉林经济开发区,2202,22,吉林经济开发区
220272,吉林高新技术产业开发区,2202,22,吉林高新技术产业开发区
220273,吉林中国新加坡食品区,2202,22,吉林中国新加坡食品区
220281,蛟河市,2202,22,蛟河市
220282,桦甸市,2202,22,桦甸市
220283,舒兰市,2202,22,舒兰市
220284,磐石市,2202,22,磐石市
220302,铁西区,2203,22,铁西区
220303,铁东区,2203,22,铁东区
220322,梨树县,2203,22,梨树县
220323,伊通满族自治县,2203,22,伊通满族自治县
220381,公主岭市,2203,22,公主岭市
220382,双辽市,2203,22,双辽市
220402,龙山区,2204,22,龙山区
220403,西安区,2204,22,西安区
220421,东丰县,2204,22,东丰县
220422,东辽县,2204,22,东辽县
220502,东昌区,2205,22,东昌区
220503,二道江区,2205,22,二道江区
220521,通化县,2205,22,通化县
220523,辉南县,2205,22,辉南县
220524,柳河县,2205,22,柳河县
220581,梅河口市,2205,22,梅河口市
220582,集安市,2205,22,集安市
220602,浑江区,2206,22,浑江区
220605,江源区,2206,22,江源区
220621,抚松县,2206,22,抚松县
220622,靖宇县,2206,22,靖宇县
220623,长白朝鲜族自治县,2206,22,长白朝鲜族自治县
220681,临江市,2206,22,临江市
220702,宁江区,2207,22,宁江区
220721,前郭尔罗斯蒙古族自治县,2207,22,前郭尔罗斯蒙古族自治县
220722,长岭县,2207,22,长岭县
220723,乾安县,2207,22,乾安县
220771,吉林松原经济开发区,2207,22,吉林松原经济开发区
220781,扶余市,2207,22,扶余市
220802,洮北区,2208,22,洮北区
220821,镇赉县,2208,22,镇赉县
220822,通榆县,2208,22,通榆县
220871,吉林白城经济开发区,2208,22,吉林白城经济开发区
220881,洮南市,2208,22,洮南市
220882,大安市,2208,22,大安市
222401,延吉市,2224,22,延吉市
222402,图们市,2224,22,图们市
222403,敦化市,2224,22,敦化市
222404,珲春市,2224,22,珲春市
222405,龙井市,2224,22,龙井市
222406,和龙市,2224,22,和龙市
222424,汪清县,2224,22,汪清县
222426,安图县,2224,22,安图县
230102,道里区,2301,23,道里区
230103,南岗区,2301,23,南岗区
230104,道外区,2301,23,道外区
230108,平房区,2301,23,平房区
230109,松北区,2301,23,松北区
230110,香坊区,2301,23,香坊区
230111,呼兰区,2301,23,呼兰区
230112,阿城区,2301,23,阿城区
230113,双城区,2301,23,双城区
230123,依兰县,2301,23,依兰县
230124,方正县,2301,23,方正县
230125,宾县,2301,23,宾县
230126,巴彦县,2301,23,巴彦县
230127,木兰县,2301,23,木兰县
230128,通河县,2301,23,通河县
230129,延寿县,2301,23,延寿县
230183,尚志市,2301,23,尚志市
230184,五常市,2301,23,五常市
230202,龙沙区,2302,23,龙沙区
230203,建华区,2302,23,建华区
230204,铁锋区,2302,23,铁锋区
230205,昂昂溪区,2302,23,昂昂溪区
230206,富拉尔基区,2302,23,富拉尔基区
230207,碾子山区,2302,23,碾子山区
230208,梅里斯达斡尔族区,2302,23,梅里斯达斡尔族区
230221,龙江县,2302,23,龙江县
230223,依安县,2302,23,依安县
230224,泰来县,2302,23,泰来县
230225,甘南县,2302,23,甘南县
230227,富裕县,2302,23,富裕县
230229,克山县,2302,23,克山县
230230,克东县,2302,23,克东县
230231,拜泉县,2302,23,拜泉县
230281,讷河市,2302,23,讷河市
230302,鸡冠区,2303,23,鸡冠区
230303,恒山区,2303,23,恒山区
230304,滴道区,2303,23,滴道区
230305,梨树区,2303,23,梨树区
230306,城子河区,2303,23,城子河区
230307,麻山区,2303,23,麻山区
230321,鸡东县,2303,23,鸡东县
230381,虎林市,2303,23,虎林市
230382,密山市,2303,23,密山市
230402,向阳区,2304,23,向阳区
230403,工农区,2304,23,工农区
230404,南山区,2304,23,南山区
230405,兴安区,2304,23,兴安区
230406,东山区,2304,23,东山区
230407,兴山区,2304,23,兴山区
230421,萝北县,2304,23,萝北县
230422,绥滨县,2304,23,绥滨县
230502,尖山区,2305,23,尖山区
230503,岭东区,2305,23,岭东区
230505,四方台区,2305,23,四方台区
230506,宝山区,2305,23,宝山区
230521,集贤县,2305,23,集贤县
230522,友谊县,2305,23,友谊县
230523,宝清县,2305,23,宝清县
230524,饶河县,2305,23,饶河县
230602,萨尔图区,2306,23,萨尔图区
230603,龙凤区,2306,23,龙凤区
230604,让胡路区,2306,23,让胡路区
230605,红岗区,2306,23,红岗区
230606,大同区,2306,23,大同区
230621,肇州县,2306,23,肇州县
230622,肇源县,2306,23,肇源县
230623,林甸县,2306,23,林甸县
230624,杜尔伯特蒙古族自治县,2306,23,杜尔伯特蒙古族自治县
230671,大庆高新技术产业开发区,2306,23,大庆高新技术产业开发区
230717,伊美区,2307,23,伊美区
230718,乌翠区,2307,23,乌翠区
230719,友好区,2307,23,友好区
230722,嘉荫县,2307,23,嘉荫县
230723,汤旺县,2307,23,汤旺县
230724,丰林县,2307,23,丰林县
230725,大箐山县,2307,23,大箐山县
230726,南岔县,2307,23,南岔县
230751,金林区,2307,23,金林区
230781,铁力市,2307,23,铁力市
230803,向阳区,2308,23,向阳区
230804,前进区,2308,23,前进区
230805,东风区,2308,23,东风区
230811,郊区,2308,23,郊区
230822,桦南县,2308,23,桦南县
230826,桦川县,2308,23,桦川县
230828,汤原县,2308,23,汤原县
230881,同江市,2308,23,同江市
230882,富锦市,2308,23,富锦市
230883,抚远市,2308,23,抚远市
230902,新兴区,2309,23,新兴区
230903,桃山区,2309,23,桃山区
230904,茄子河区,2309,23,茄子河区
230921,勃利县,2309,23,勃利县
231002,东安区,2310,23,东安区
231003,阳明区,2310,23,阳明区
231004,爱民区,2310,23,爱民区
231005,西安区,2310,23,西安区
231025,林口县,2310,23,林口县
231071,牡丹江经济技术开发区,2310,23,牡丹江经济技术开发区
231081,绥芬河市,2310,23,绥芬河市
231083,海林市,2310,23,海林市
231084,宁安市,2310,23,宁安市
231085,穆棱市,2310,23,穆棱市
231086,东宁市,2310,23,东宁市
231102,爱辉区,2311,23,爱辉区
231123,逊克县,2311,23,逊克县
231124,孙吴县,2311,23,孙吴县
231181,北安市,2311,23,北安市
231182,五大连池市,2311,23,五大连池市
231183,嫩江市,2311,23,嫩江市
231202,北林区,2312,23,北林区
231221,望奎县,2312,23,望奎县
231222,兰西县,2312,23,兰西县
231223,青冈县,2312,23,青冈县
231224,庆安县,2312,23,庆安县
231225,明水县,2312,23,明水县
231226,绥棱县,2312,23,绥棱县
231281,安达市,2312,23,安达市
231282,肇东市,2312,23,肇东市
231283,海伦市,2312,23,海伦市
232701,漠河市,2327,23,漠河市
232721,呼玛县,2327,23,呼玛县
232722,塔河县,2327,23,塔河县
232761,加格达奇区,2327,23,加格达奇区
232762,松岭区,2327,23,松岭区
232763,新林区,2327,23,新林区
232764,呼中区,2327,23,呼中区
310101,黄浦区,3101,31,黄浦区
310104,徐汇区,3101,31,徐汇区
310105,长宁区,3101,31,长宁区
310106,静安区,3101,31,静安区
310107,普陀区,3101,31,普陀区
310109,虹口区,3101,31,虹口区
310110,杨浦区,3101,31,杨浦区
310112,闵行区,3101,31,闵行区
310113,宝山区,3101,31,宝山区
310114,嘉定区,3101,31,嘉定区
310115,浦东新区,3101,31,浦东新区
310116,金山区,3101,31,金山区
310117,松江区,3101,31,松江区
310118,青浦区,3101,31,青浦区
310120,奉贤区,3101,31,奉贤区
310151,崇明区,3101,31,崇明区
320102,玄武区,3201,32,玄武区
320104,秦淮区,3201,32,秦淮区
320105,建邺区,3201,32,建邺区
320106,鼓楼区,3201,32,鼓楼区
320111,浦口区,3201,32,浦口区
320113,栖霞区,3201,32,栖霞区
320114,雨花台区,3201,32,雨花台区
320115,江宁区,3201,32,江宁区
320116,六合区,3201,32,六合区
320117,溧水区,3201,32,溧水区
320118,高淳区,3201,32,高淳区
320205,锡山区,3202,32,锡山区
320206,惠山区,3202,32,惠山区
320211,滨湖区,3202,32,滨湖区
320213,梁溪区,3202,32,梁溪区
320214,新吴区,3202,32,新吴区
320281,江阴市,3202,32,江阴市
320282,宜兴市,3202,32,宜兴市
320302,鼓楼区,3203,32,鼓楼区
320303,云龙区,3203,32,云龙区
320305,贾汪区,3203,32,贾汪区
320311,泉山区,3203,32,泉山区
320312,铜山区,3203,32,铜山区
320321,丰县,3203,32,丰县
320322,沛县,3203,32,沛县
320324,睢宁县,3203,32,睢宁县
320371,徐州经济技术开发区,3203,32,徐州经济技术开发区
320381,新沂市,3203,32,新沂市
320382,邳州市,3203,32,邳州市
320402,天宁区,3204,32,天宁区
320404,钟楼区,3204,32,钟楼区
320411,新北区,3204,32,新北区
320412,武进区,3204,32,武进区
320413,金坛区,3204,32,金坛区
320481,溧阳市,3204,32,溧阳市
320505,虎丘区,3205,32,虎丘区
320506,吴中区,3205,32,吴中区
320507,相城区,3205,32,相城区
320508,姑苏区,3205,32,姑苏区
320509,吴江区,3205,32,吴江区
320571,苏州工业园区,3205,32,苏州工业园区
320581,常熟市,3205,32,常熟市
320582,张家港市,3205,32,张家港市
320583,昆山市,3205,32,昆山市
320585,太仓市,3205,32,太仓市
320602,崇川区,3206,32,崇川区
320611,港闸区,3206,32,港闸区
320612,通州区,3206,32,通州区
320623,如东县,3206,32,如东县
320671,南通经济技术开发区,3206,32,南通经济技术开发区
320681,启东市,3206,32,启东市
320682,如皋市,3206,32,如皋市
320684,海门市,3206,32,海门市
320685,海安市,3206,32,海安市
320703,连云区,3207,32,连云区
320706,海州区,3207,32,海州区
320707,赣榆区,3207,32,赣榆区
320722,东海县,3207,32,东海县
320723,灌云县,3207,32,灌云县
320724,灌南县,3207,32,灌南县
320771,连云港经济技术开发区,3207,32,连云港经济技术开发区
320772,连云港高新技术产业开发区,3207,32,连云港高新技术产业开发区
320803,淮安区,3208,32,淮安区
320804,淮阴区,3208,32,淮阴区
320812,清江浦区,3208,32,清江浦区
320813,洪泽区,3208,32,洪泽区
320826,涟水县,3208,32,涟水县
320830,盱眙县,3208,32,盱眙县
320831,金湖县,3208,32,金湖县
320871,淮安经济技术开发区,3208,32,淮安经济技术开发区
320902,亭湖区,3209,32,亭湖区
320903,盐都区,3209,32,盐都区
320904,大丰区,3209,32,大丰区
320921,响水县,3209,32,响水县
320922,滨海县,3209,32,滨海县
320923,阜宁县,3209,32,阜宁县
320924,射阳县,3209,32,射阳县
320925,建湖县,3209,32,建湖县
320971,盐城经济技术开发区,3209,32,盐城经济技术开发区
320981,东台市,3209,32,东台市
321002,广陵区,3210,32,广陵区
321003,邗江区,3210,32,邗江区
321012,江都区,3210,32,江都区
321023,宝应县,3210,32,宝应县
321071,扬州经济技术开发区,3210,32,扬州经济技术开发区
321081,仪征市,3210,32,仪征市
321084,高邮市,3210,32,高邮市
321102,京口区,3211,32,京口区
321111,润州区,3211,32,润州区
321112,丹徒区,3211,32,丹徒区
321171,镇江新区,3211,32,镇江新区
321181,丹阳市,3211,32,丹阳市
321182,扬中市,3211,32,扬中市
321183,句容市,3211,32,句容市
321202,海陵区,3212,32,海陵区
321203,高港区,3212,32,高港区
321204,姜堰区,3212,32,姜堰区
321271,泰州医药高新技术产业开发区,3212,32,泰州医药高新技术产业开发区
321281,兴化市,3212,32,兴化市
321282,靖江市,3212,32,靖江市
321283,泰兴市,3212,32,泰兴市
321302,宿城区,3213,32,宿城区
321311,宿豫区,3213,32,宿豫区
321322,沭阳县,3213,32,沭阳县
321323,泗阳县,3213,32,泗阳县
321324,泗洪县,3213,32,泗洪县
321371,宿迁经济技术开发区,3213,32,宿迁经济技术开发区
330102,上城区,3301,33,上城区
330103,下城区,3301,33,下城区
330104,江干区,3301,33,江干区
330105,拱墅区,3301,33,拱墅区
330106,西湖区,3301,33,西湖区
330108,滨江区,3301,33,滨江区
330109,萧山区,3301,33,萧山区
330110,余杭区,3301,33,余杭区
330111,富阳区,3301,33,富阳区
330112,临安区,3301,33,临安区
330122,桐庐县,3301,33,桐庐县
330127,淳安县,3301,33,淳安县
330182,建德市,3301,33,建德市
330203,海曙区,3302,33,海曙区
330205,江北区,3302,33,江北区
330206,北仑区,3302,33,北仑区
330211,镇海区,3302,33,镇海区
330212,鄞州区,3302,33,鄞州区
330213,奉化区,3302,33,奉化区
330225,象山县,3302,33,象山县
330226,宁海县,3302,33,宁海县
330281,余姚市,3302,33,余姚市
330282,慈溪市,3302,33,慈溪市
330302,鹿城区,3303,33,鹿城区
330303,龙湾区,3303,33,龙湾区
330304,瓯海区,3303,33,瓯海区
330305,洞头区,3303,33,洞头区
330324,永嘉县,3303,33,永嘉县
330326,平阳县,3303,33,平阳县
330327,苍南县,3303,33,苍南县
330328,文成县,3303,33,文成县
330329,泰顺县,3303,33,泰顺县
330371,温州经济技术开发区,3303,33,温州经济技术开发区
330381,瑞安市,3303,33,瑞安市
330382,乐清市,3303,33,乐清市
330383,龙港市,3303,33,龙港市
330402,南湖区,3304,33,南湖区
330411,秀洲区,3304,33,秀洲区
330421,嘉善县,3304,33,嘉善县
330424,海盐县,3304,33,海盐县
330481,海宁市,3304,33,海宁市
330482,平湖市,3304,33,平湖市
330483,桐乡市,3304,33,桐乡市
330502,吴兴区,3305,33,吴兴区
330503,南浔区,3305,33,南浔区
330521,德清县,3305,33,德清县
330522,长兴县,3305,33,长兴县
330523,安吉县,3305,33,安吉县
330602,越城区,3306,33,越城区
330603,柯桥区,3306,33,柯桥区
330604,上虞区,3306,33,上虞区
330624,新昌县,3306,33,新昌县
330681,诸暨市,3306,33,诸暨市
330683,嵊州市,3306,33,嵊州市
330702,婺城区,3307,33,婺城区
330703,金东区,3307,33,金东区
330723,武义县,3307,33,武义县
330726,浦江县,3307,33,浦江县
330727,磐安县,3307,33,磐安县
330781,兰溪市,3307,33,兰溪市
330782,义乌市,3307,33,义乌市
330783,东阳市,3307,33,东阳市
330784,永康市,3307,33,永康市
330802,柯城区,3308,33,柯城区
330803,衢江区,3308,33,衢江区
330822,常山县,3308,33,常山县
330824,开化县,3308,33,开化县
330825,龙游县,3308,33,龙游县
330881,江山市,3308,33,江山市
330902,定海区,3309,33,定海区
330903,普陀区,3309,33,普陀区
330921,岱山县,3309,33,岱山县
330922,嵊泗县,3309,33,嵊泗县
331002,椒江区,3310,33,椒江区
331003,黄岩区,3310,33,黄岩区
331004,路桥区,3310,33,路桥区
331022,三门县,3310,33,三门县
331023,天台县,3310,33,天台县
331024,仙居县,3310,33,仙居县
331081,温岭市,3310,33,温岭市
331082,临海市,3310,33,临海市
331083,玉环市,3310,33,玉环市
331102,莲都区,3311,33,莲都区
331121,青田县,3311,33,青田县
331122,缙云县,3311,33,缙云县
331123,遂昌县,3311,33,遂昌县
331124,松阳县,3311,33,松阳县
331125,云和县,3311,33,云和县
331126,庆元县,3311,33,庆元县
331127,景宁畲族自治县,3311,33,景宁畲族自治县
331181,龙泉市,3311,33,龙泉市
340102,瑶海区,3401,34,瑶海区
340103,庐阳区,3401,34,庐阳区
340104,蜀山区,3401,34,蜀山区
340111,包河区,3401,34,包河区
340121,长丰县,3401,34,长丰县
340122,肥东县,3401,34,肥东县
340123,肥西县,3401,34,肥西县
340124,庐江县,3401,34,庐江县
340171,合肥高新技术产业开发区,3401,34,合肥高新技术产业开发区
340172,合肥经济技术开发区,3401,34,合肥经济技术开发区
340173,合肥新站高新技术产业开发区,3401,34,合肥新站高新技术产业开发区
340181,巢湖市,3401,34,巢湖市
340202,镜湖区,3402,34,镜湖区
340203,弋江区,3402,34,弋江区
340207,鸠江区,3402,34,鸠江区
340208,三山区,3402,34,三山区
340221,芜湖县,3402,34,芜湖县
340222,繁昌县,3402,34,繁昌县
340223,南陵县,3402,34,南陵县
340225,无为县,3402,34,无为县
340271,芜湖经济技术开发区,3402,34,芜湖经济技术开发区
340272,安徽芜湖长江大桥经济开发区,3402,34,安徽芜湖长江大桥经济开发区
340302,龙子湖区,3403,34,龙子湖区
340303,蚌山区,3403,34,蚌山区
340304,禹会区,3403,34,禹会区
340311,淮上区,3403,34,淮上区
340321,怀远县,3403,34,怀远县
340322,五河县,3403,34,五河县
340323,固镇县,3403,34,固镇县
340371,蚌埠市高新技术开发区,3403,34,蚌埠市高新技术开发区
340372,蚌埠市经济开发区,3403,34,蚌埠市经济开发区
340402,大通区,3404,34,大通区
340403,田家庵区,3404,34,田家庵区
340404,谢家集区,3404,34,谢家集区
340405,八公山区,3404,34,八公山区
340406,潘集区,3404,34,潘集区
340421,凤台县,3404,34,凤台县
340422,寿县,3404,34,寿县
340503,花山区,3405,34,花山区
340504,雨山区,3405,34,雨山区
340506,博望区,3405,34,博望区
340521,当涂县,3405,34,当涂县
340522,含山县,3405,34,含山县
340523,和县,3405,34,和县
340602,杜集区,3406,34,杜集区
340603,相山区,3406,34,相山区
340604,烈山区,3406,34,烈山区
340621,濉溪县,3406,34,濉溪县
340705,铜官区,3407,34,铜官区
340706,义安区,3407,34,义安区
340711,郊区,3407,34,郊区
340722,枞阳县,3407,34,枞阳县
340802,迎江区,3408,34,迎江区
340803,大观区,3408,34,大观区
340811,宜秀区,3408,34,宜秀区
340822,怀宁县,3408,34,怀宁县
340825,太湖县,3408,34,太湖县
340826,宿松县,3408,34,宿松县
340827,望江县,3408,34,望江县
340828,岳西县,3408,34,岳西县
340871,安徽安庆经济开发区,3408,34,安徽安庆经济开发区
340881,桐城市,3408,34,桐城市
340882,潜山市,3408,34,潜山市
341002,屯溪区,3410,34,屯溪区
341003,黄山区,3410,34,黄山区
341004,徽州区,3410,34,徽州区
341021,歙县,3410,34,歙县
341022,休宁县,3410,34,休宁县
341023,黟县,3410,34,黟县
341024,祁门县,3410,34,祁门县
341102,琅琊区,3411,34,琅琊区
341103,南谯区,3411,34,南谯区
341122,来安县,3411,34,来安县
341124,全椒县,3411,34,全椒县
341125,定远县,3411,34,定远县
341126,凤阳县,3411,34,凤阳县
341171,苏滁现代产业园,3411,34,苏滁现代产业园
341172,滁州经济技术开发区,3411,34,滁州经济技术开发区
341181,天长市,3411,34,天长市
341182,明光市,3411,34,明光市
341202,颍州区,3412,34,颍州区
341203,颍东区,3412,34,颍东区
341204,颍泉区,3412,34,颍泉区
341221,临泉县,3412,34,临泉县
341222,太和县,3412,34,太和县
341225,阜南县,3412,34,阜南县
341226,颍上县,3412,34,颍上县
341271,阜阳合肥现代产业园区,3412,34,阜阳合肥现代产业园区
341272,阜阳经济技术开发区,3412,34,阜阳经济技术开发区
341282,界首市,3412,34,界首市
341302,埇桥区,3413,34,埇桥区
341321,砀山县,3413,34,砀山县
341322,萧县,3413,34,萧县
341323,灵璧县,3413,34,灵璧县
341324,泗县,3413,34,泗县
341371,宿州马鞍山现代产业园区,3413,34,宿州马鞍山现代产业园区
341372,宿州经济技术开发区,3413,34,宿州经济技术开发区
341502,金安区,3415,34,金安区
341503,裕安区,3415,34,裕安区
341504,叶集区,3415,34,叶集区
341522,霍邱县,3415,34,霍邱县
341523,舒城县,3415,34,舒城县
341524,金寨县,3415,34,金寨县
341525,霍山县,3415,34,霍山县
341602,谯城区,3416,34,谯城区
341621,涡阳县,3416,34,涡阳县
341622,蒙城县,3416,34,蒙城县
341623,利辛县,3416,34,利辛县
341702,贵池区,3417,34,贵池区
341721,东至县,3417,34,东至县
341722,石台县,3417,34,石台县
341723,青阳县,3417,34,青阳县
341802,宣州区,3418,34,宣州区
341821,郎溪县,3418,34,郎溪县
341823,泾县,3418,34,泾县
341824,绩溪县,3418,34,绩溪县
341825,旌德县,3418,34,旌德县
341871,宣城市经济开发区,3418,34,宣城市经济开发区
341881,宁国市,3418,34,宁国市
341882,广德市,3418,34,广德市
350102,鼓楼区,3501,35,鼓楼区
350103,台江区,3501,35,台江区
350104,仓山区,3501,35,仓山区
350105,马尾区,3501,35,马尾区
350111,晋安区,3501,35,晋安区
350112,长乐区,3501,35,长乐区
350121,闽侯县,3501,35,闽侯县
350122,连江县,3501,35,连江县
350123,罗源县,3501,35,罗源县
350124,闽清县,3501,35,闽清县
350125,永泰县,3501,35,永泰县
350128,平潭县,3501,35,平潭县
350181,福清市,3501,35,福清市
350203,思明区,3502,35,思明区
350205,海沧区,3502,35,海沧区
350206,湖里区,3502,35,湖里区
350211,集美区,3502,35,集美区
350212,同安区,3502,35,同安区
350213,翔安区,3502,35,翔安区
350302,城厢区,3503,35,城厢区
350303,涵江区,3503,35,涵江区
350304,荔城区,3503,35,荔城区
350305,秀屿区,3503,35,秀屿区
350322,仙游县,3503,35,仙游县
350402,梅列区,3504,35,梅列区
350403,三元区,3504,35,三元区
350421,明溪县,3504,35,明溪县
350423,清流县,3504,35,清流县
350424,宁化县,3504,35,宁化县
350425,大田县,3504,35,大田县
350426,尤溪县,3504,35,尤溪县
350427,沙县,3504,35,沙县
350428,将乐县,3504,35,将乐县
350429,泰宁县,3504,35,泰宁县
350430,建宁县,3504,35,建宁县
350481,永安市,3504,35,永安市
350502,鲤城区,3505,35,鲤城区
350503,丰泽区,3505,35,丰泽区
350504,洛江区,3505,35,洛江区
350505,泉港区,3505,35,泉港区
350521,惠安县,3505,35,惠安县
350524,安溪县,3505,35,安溪县
350525,永春县,3505,35,永春县
350526,德化县,3505,35,德化县
350527,金门县,3505,35,金门县
350581,石狮市,3505,35,石狮市
350582,晋江市,3505,35,晋江市
350583,南安市,3505,35,南安市
350602,芗城区,3506,35,芗城区
350603,龙文区,3506,35,龙文区
350622,云霄县,3506,35,云霄县
350623,漳浦县,3506,35,漳浦县
350624,诏安县,3506,35,诏安县
350625,长泰县,3506,35,长泰县
350626,东山县,3506,35,东山县
350627,南靖县,3506,35,南靖县
350628,平和县,3506,35,平和县
350629,华安县,3506,35,华安县
350681,龙海市,3506,35,龙海市
350702,延平区,3507,35,延平区
350703,建阳区,3507,35,建阳区
350721,顺昌县,3507,35,顺昌县
350722,浦城县,3507,35,浦城县
350723,光泽县,3507,35,光泽县
350724,松溪县,3507,35,松溪县
350725,政和县,3507,35,政和县
350781,邵武市,3507,35,邵武市
350782,武夷山市,3507,35,武夷山市
350783,建瓯市,3507,35,建瓯市
350802,新罗区,3508,35,新罗区
350803,永定区,3508,35,永定区
350821,长汀县,3508,35,长汀县
350823,上杭县,3508,35,上杭县
350824,武平县,3508,35,武平县
350825,连城县,3508,35,连城县
350881,漳平市,3508,35,漳平市
350902,蕉城区,3509,35,蕉城区
350921,霞浦县,3509,35,霞浦县
350922,古田县,3509,35,古田县
350923,屏南县,3509,35,屏南县
350924,寿宁县,3509,35,寿宁县
350925,周宁县,3509,35,周宁县
350926,柘荣县,3509,35,柘荣县
350981,福安市,3509,35,福安市
350982,福鼎市,3509,35,福鼎市
360102,东湖区,3601,36,东湖区
360103,西湖区,3601,36,西湖区
360104,青云谱区,3601,36,青云谱区
360105,湾里区,3601,36,湾里区
360111,青山湖区,3601,36,青山湖区
360112,新建区,3601,36,新建区
360121,南昌县,3601,36,南昌县
360123,安义县,3601,36,安义县
360124,进贤县,3601,36,进贤县
360202,昌江区,3602,36,昌江区
360203,珠山区,3602,36,珠山区
360222,浮梁县,3602,36,浮梁县
360281,乐平市,3602,36,乐平市
360302,安源区,3603,36,安源区
360313,湘东区,3603,36,湘东区
360321,莲花县,3603,36,莲花县
360322,上栗县,3603,36,上栗县
360323,芦溪县,3603,36,芦溪县
360402,濂溪区,3604,36,濂溪区
360403,浔阳区,3604,36,浔阳区
360404,柴桑区,3604,36,柴桑区
360423,武宁县,3604,36,武宁县
360424,修水县,3604,36,修水县
360425,永修县,3604,36,永修县
360426,德安县,3604,36,德安县
360428,都昌县,3604,36,都昌县
360429,湖口县,3604,36,湖口县
360430,彭泽县,3604,36,彭泽县
360481,瑞昌市,3604,36,瑞昌市
360482,共青城市,3604,36,共青城市
360483,庐山市,3604,36,庐山市
360502,渝水区,3605,36,渝水区
360521,分宜县,3605,36,分宜县
360602,月湖区,3606,36,月湖区
360603,余江区,3606,36,余江区
360681,贵溪市,3606,36,贵溪市
360702,章贡区,3607,36,章贡区
360703,南康区,3607,36,南康区
360704,赣县区,3607,36,赣县区
360722,信丰县,3607,36,信丰县
360723,大余县,3607,36,大余县
360724,上犹县,3607,36,上犹县
360725,崇义县,3607,36,崇义县
360726,安远县,3607,36,安远县
360727,龙南县,3607,36,龙南县
360728,定南县,3607,36,定南县
360729,全南县,3607,36,全南县
360730,宁都县,3607,36,宁都县
360731,于都县,3607,36,于都县
360732,兴国县,3607,36,兴国县
360733,会昌县,3607,36,会昌县
360734,寻乌县,3607,36,寻乌县
360735,石城县,3607,36,石城县
360781,瑞金市,3607,36,瑞金市
360802,吉州区,3608,36,吉州区
360803,青原区,3608,36,青原区
360821,吉安县,3608,36,吉安县
360822,吉水县,3608,36,吉水县
360823,峡江县,3608,36,峡江县
360824,新干县,3608,36,新干县
360825,永丰县,3608,36,永丰县
360826,泰和县,3608,36,泰和县
360827,遂川县,3608,36,遂川县
360828,万安县,3608,36,万安县
360829,安福县,3608,36,安福县
360830,永新县,3608,36,永新县
360881,井冈山市,3608,36,井冈山市
360902,袁州区,3609,36,袁州区
360921,奉新县,3609,36,奉新县
360922,万载县,3609,36,万载县
360923,上高县,3609,36,上高县
360924,宜丰县,3609,36,宜丰县
360925,靖安县,3609,36,靖安县
360926,铜鼓县,3609,36,铜鼓县
360981,丰城市,3609,36,丰城市
360982,樟树市,3609,36,樟树市
360983,高安市,3609,36,高安市
361002,临川区,3610,36,临川区
361003,东乡区,3610,36,东乡区
361021,南城县,3610,36,南城县
361022,黎川县,3610,36,黎川县
361023,南丰县,3610,36,南丰县
361024,崇仁县,3610,36,崇仁县
361025,乐安县,3610,36,乐安县
361026,宜黄县,3610,36,宜黄县
361027,金溪县,3610,36,金溪县
361028,资溪县,3610,36,资溪县
361030,广昌县,3610,36,广昌县
361102,信州区,3611,36,信州区
361103,广丰区,3611,36,广丰区
361104,广信区,3611,36,广信区
361123,玉山县,3611,36,玉山县
361124,铅山县,3611,36,铅山县
361125,横峰县,3611,36,横峰县
361126,弋阳县,3611,36,弋阳县
361127,余干县,3611,36,余干县
361128,鄱阳县,3611,36,鄱阳县
361129,万年县,3611,36,万年县
361130,婺源县,3611,36,婺源县
361181,德兴市,3611,36,德兴市
370102,历下区,3701,37,历下区
370103,市中区,3701,37,市中区
370104,槐荫区,3701,37,槐荫区
370105,天桥区,3701,37,天桥区
370112,历城区,3701,37,历城区
370113,长清区,3701,37,长清区
370114,章丘区,3701,37,章丘区
370115,济阳区,3701,37,济阳区
370116,莱芜区,3701,37,莱芜区
370117,钢城区,3701,37,钢城区
370124,平阴县,3701,37,平阴县
370126,商河县,3701,37,商河县
370171,济南高新技术产业开发区,3701,37,济南高新技术产业开发区
370202,市南区,3702,37,市南区
370203,市北区,3702,37,市北区
370211,黄岛区,3702,37,黄岛区
370212,崂山区,3702,37,崂山区
370213,李沧区,3702,37,李沧区
370214,城阳区,3702,37,城阳区
370215,即墨区,3702,37,即墨区
370271,青岛高新技术产业开发区,3702,37,青岛高新技术产业开发区
370281,胶州市,3702,37,胶州市
370283,平度市,3702,37,平度市
370285,莱西市,3702,37,莱西市
370302,淄川区,3703,37,淄川区
370303,张店区,3703,37,张店区
370304,博山区,3703,37,博山区
370305,临淄区,3703,37,临淄区
370306,周村区,3703,37,周村区
370321,桓台县,3703,37,桓台县
370322,高青县,3703,37,高青县
370323,沂源县,3703,37,沂源县
370402,市中区,3704,37,市中区
370403,薛城区,3704,37,薛城区
370404,峄城区,3704,37,峄城区
370405,台儿庄区,3704,37,台儿庄区
370406,山亭区,3704,37,山亭区
370481,滕州市,3704,37,滕州市
370502,东营区,3705,37,东营区
370503,河口区,3705,37,河口区
370505,垦利区,3705,37,垦利区
370522,利津县,3705,37,利津县
370523,广饶县,3705,37,广饶县
370571,东营经济技术开发区,3705,37,东营经济技术开发区
370572,东营港经济开发区,3705,37,东营港经济开发区
370602,芝罘区,3706,37,芝罘区
370611,福山区,3706,37,福山区
370612,牟平区,3706,37,牟平区
370613,莱山区,3706,37,莱山区
370634,长岛县,3706,37,长岛县
370671,烟台高新技术产业开发区,3706,37,烟台高新技术产业开发区
370672,烟台经济技术开发区,3706,37,烟台经济技术开发区
370681,龙口市,3706,37,龙口市
370682,莱阳市,3706,37,莱阳市
370683,莱州市,3706,37,莱州市
370684,蓬莱市,3706,37,蓬莱市
370685,招远市,3706,37,招远市
370686,栖霞市,3706,37,栖霞市
370687,海阳市,3706,37,海阳市
370702,潍城区,3707,37,潍城区
370703,寒亭区,3707,37,寒亭区
370704,坊子区,3707,37,坊子区
370705,奎文区,3707,37,奎文区
370724,临朐县,3707,37,临朐县
370725,昌乐县,3707,37,昌乐县
370772,潍坊滨海经济技术开发区,3707,37,潍坊滨海经济技术开发区
370781,青州市,3707,37,青州市
370782,诸城市,3707,37,诸城市
370783,寿光市,3707,37,寿光市
370784,安丘市,3707,37,安丘市
370785,高密市,3707,37,高密市
370786,昌邑市,3707,37,昌邑市
370811,任城区,3708,37,任城区
370812,兖州区,3708,37,兖州区
370826,微山县,3708,37,微山县
370827,鱼台县,3708,37,鱼台县
370828,金乡县,3708,37,金乡县
370829,嘉祥县,3708,37,嘉祥县
370830,汶上县,3708,37,汶上县
370831,泗水县,3708,37,泗水县
370832,梁山县,3708,37,梁山县
370871,济宁高新技术产业开发区,3708,37,济宁高新技术产业开发区
370881,曲阜市,3708,37,曲阜市
370883,邹城市,3708,37,邹城市
370902,泰山区,3709,37,泰山区
370911,岱岳区,3709,37,岱岳区
370921,宁阳县,3709,37,宁阳县
370923,东平县,3709,37,东平县
370982,新泰市,3709,37,新泰市
370983,肥城市,3709,37,肥城市
371002,环翠区,3710,37,环翠区
371003,文登区,3710,37,文登区
371071,威海火炬高技术产业开发区,3710,37,威海火炬高技术产业开发区
371072,威海经济技术开发区,3710,37,威海经济技术开发区
371073,威海临港经济技术开发区,3710,37,威海临港经济技术开发区
371082,荣成市,3710,37,荣成市
371083,乳山市,3710,37,乳山市
371102,东港区,3711,37,东港区
371103,岚山区,3711,37,岚山区
371121,五莲县,3711,37,五莲县
371122,莒县,3711,37,莒县
371171,日照经济技术开发区,3711,37,日照经济技术开发区
371302,兰山区,3713,37,兰山区
371311,罗庄区,3713,37,罗庄区
371312,河东区,3713,37,河东区
371321,沂南县,3713,37,沂南县
371322,郯城县,3713,37,郯城县
371323,沂水县,3713,37,沂水县
371324,兰陵县,3713,37,兰陵县
371325,费县,3713,37,费县
371326,平邑县,3713,37,平邑县
371327,莒南县,3713,37,莒南县
371328,蒙阴县,3713,37,蒙阴县
371329,临沭县,3713,37,临沭县
371371,临沂高新技术产业开发区,3713,37,临沂高新技术产业开发区
371372,临沂经济技术开发区,3713,37,临沂经济技术开发区
371373,临沂临港经济开发区,3713,37,临沂临港经济开发区
371402,德城区,3714,37,德城区
371403,陵城区,3714,37,陵城区
371422,宁津县,3714,37,宁津县
371423,庆云县,3714,37,庆云县
371424,临邑县,3714,37,临邑县
371425,齐河县,3714,37,齐河县
371426,平原县,3714,37,平原县
371427,夏津县,3714,37,夏津县
371428,武城县,3714,37,武城县
371471,德州经济技术开发区,3714,37,德州经济技术开发区
371472,德州运河经济开发区,3714,37,德州运河经济开发区
371481,乐陵市,3714,37,乐陵市
371482,禹城市,3714,37,禹城市
371502,东昌府区,3715,37,东昌府区
371503,茌平区,3715,37,茌平区
371521,阳谷县,3715,37,阳谷县
371522,莘县,3715,37,莘县
371524,东阿县,3715,37,东阿县
371525,冠县,3715,37,冠县
371526,高唐县,3715,37,高唐县
371581,临清市,3715,37,临清市
371602,滨城区,3716,37,滨城区
371603,沾化区,3716,37,沾化区
371621,惠民县,3716,37,惠民县
371622,阳信县,3716,37,阳信县
371623,无棣县,3716,37,无棣县
371625,博兴县,3716,37,博兴县
371681,邹平市,3716,37,邹平市
371702,牡丹区,3717,37,牡丹区
371703,定陶区,3717,37,定陶区
371721,曹县,3717,37,曹县
371722,单县,3717,37,单县
371723,成武县,3717,37,成武县
371724,巨野县,3717,37,巨野县
371725,郓城县,3717,37,郓城县
371726,鄄城县,3717,37,鄄城县
371728,东明县,3717,37,东明县
371771,菏泽经济技术开发区,3717,37,菏泽经济技术开发区
371772,菏泽高新技术开发区,3717,37,菏泽高新技术开发区
410102,中原区,4101,41,中原区
410103,二七区,4101,41,二七区
410104,管城回族区,4101,41,管城回族区
410105,金水区,4101,41,金水区
410106,上街区,4101,41,上街区
410108,惠济区,4101,41,惠济区
410122,中牟县,4101,41,中牟县
410171,郑州经济技术开发区,4101,41,郑州经济技术开发区
410172,郑州高新技术产业开发区,4101,41,郑州高新技术产业开发区
410173,郑州航空港经济综合实验区,4101,41,郑州航空港经济综合实验区
410181,巩义市,4101,41,巩义市
410182,荥阳市,4101,41,荥阳市
410183,新密市,4101,41,新密市
410184,新郑市,4101,41,新郑市
410185,登封市,4101,41,登封市
410202,龙亭区,4102,41,龙亭区
410203,顺河回族区,4102,41,顺河回族区
410204,鼓楼区,4102,41,鼓楼区
410205,禹王台区,4102,41,禹王台区
410212,祥符区,4102,41,祥符区
410221,杞县,4102,41,杞县
410222,通许县,4102,41,通许县
410223,尉氏县,4102,41,尉氏县
410225,兰考县,4102,41,兰考县
410302,老城区,4103,41,老城区
410303,西工区,4103,41,西工区
410304,瀍河回族区,4103,41,瀍河回族区
410305,涧西区,4103,41,涧西区
410306,吉利区,4103,41,吉利区
410311,洛龙区,4103,41,洛龙区
410322,孟津县,4103,41,孟津县
410323,新安县,4103,41,新安县
410324,栾川县,4103,41,栾川县
410325,嵩县,4103,41,嵩县
410326,汝阳县,4103,41,汝阳县
410327,宜阳县,4103,41,宜阳县
410328,洛宁县,4103,41,洛宁县
410329,伊川县,4103,41,伊川县
410371,洛阳高新技术产业开发区,4103,41,洛阳高新技术产业开发区
410381,偃师市,4103,41,偃师市
410402,新华区,4104,41,新华区
410403,卫东区,4104,41,卫东区
410404,石龙区,4104,41,石龙区
410411,湛河区,4104,41,湛河区
410421,宝丰县,4104,41,宝丰县
410422,叶县,4104,41,叶县
410423,鲁山县,4104,41,鲁山县
410425,郏县,4104,41,郏县
410471,平顶山高新技术产业开发区,4104,41,平顶山高新技术产业开发区
410472,平顶山市城乡一体化示范区,4104,41,平顶山市城乡一体化示范区
410481,舞钢市,4104,41,舞钢市
410482,汝州市,4104,41,汝州市
410502,文峰区,4105,41,文峰区
410503,北关区,4105,41,北关区
410505,殷都区,4105,41,殷都区
410506,龙安区,4105,41,龙安区
410522,安阳县,4105,41,安阳县
410523,汤阴县,4105,41,汤阴县
410526,滑县,4105,41,滑县
410527,内黄县,4105,41,内黄县
410571,安阳高新技术产业开发区,4105,41,安阳高新技术产业开发区
410581,林州市,4105,41,林州市
410602,鹤山区,4106,41,鹤山区
410603,山城区,4106,41,山城区
410611,淇滨区,4106,41,淇滨区
410621,浚县,4106,41,浚县
410622,淇县,4106,41,淇县
410671,鹤壁经济技术开发区,4106,41,鹤壁经济技术开发区
410702,红旗区,4107,41,红旗区
410703,卫滨区,4107,41,卫滨区
410704,凤泉区,4107,41,凤泉区
410711,牧野区,4107,41,牧野区
410721,新乡县,4107,41,新乡县
410724,获嘉县,4107,41,获嘉县
410725,原阳县,4107,41,原阳县
410726,延津县,4107,41,延津县
410727,封丘县,4107,41,封丘县
410771,新乡高新技术产业开发区,4107,41,新乡高新技术产业开发区
410772,新乡经济技术开发区,4107,41,新乡经济技术开发区
410773,新乡市平原城乡一体化示范区,4107,41,新乡市平原城乡一体化示范区
410781,卫辉市,4107,41,卫辉市
410782,辉县市,4107,41,辉县市
410783,长垣市,4107,41,长垣市
410802,解放区,4108,41,解放区
410803,中站区,4108,41,中站区
410804,马村区,4108,41,马村区
410811,山阳区,4108,41,山阳区
410821,修武县,4108,41,修武县
410822,博爱县,4108,41,博爱县
410823,武陟县,4108,41,武陟县
410825,温县,4108,41,温县
410871,焦作城乡一体化示范区,4108,41,焦作城乡一体化示范区
410882,沁阳市,4108,41,沁阳市
410883,孟州市,4108,41,孟州市
410902,华龙区,4109,41,华龙区
410922,清丰县,4109,41,清丰县
410923,南乐县,4109,41,南乐县
410926,范县,4109,41,范县
410927,台前县,4109,41,台前县
410928,濮阳县,4109,41,濮阳县
410971,河南濮阳工业园区,4109,41,河南濮阳工业园区
410972,濮阳经济技术开发区,4109,41,濮阳经济技术开发区
411002,魏都区,4110,41,魏都区
411003,建安区,4110,41,建安区
411024,鄢陵县,4110,41,鄢陵县
411025,襄城县,4110,41,襄城县
411071,许昌经济技术开发区,4110,41,许昌经济技术开发区
411081,禹州市,4110,41,禹州市
411082,长葛市,4110,41,长葛市
411102,源汇区,4111,41,源汇区
411103,郾城区,4111,41,郾城区
411104,召陵区,4111,41,召陵区
411121,舞阳县,4111,41,舞阳县
411122,临颍县,4111,41,临颍县
411171,漯河经济技术开发区,4111,41,漯河经济技术开发区
411202,湖滨区,4112,41,湖滨区
411203,陕州区,4112,41,陕州区
411221,渑池县,4112,41,渑池县
411224,卢氏县,4112,41,卢氏县
411271,河南三门峡经济开发区,4112,41,河南三门峡经济开发区
411281,义马市,4112,41,义马市
411282,灵宝市,4112,41,灵宝市
411302,宛城区,4113,41,宛城区
411303,卧龙区,4113,41,卧龙区
411321,南召县,4113,41,南召县
411322,方城县,4113,41,方城县
411323,西峡县,4113,41,西峡县
411324,镇平县,4113,41,镇平县
411325,内乡县,4113,41,内乡县
411326,淅川县,4113,41,淅川县
411327,社旗县,4113,41,社旗县
411328,唐河县,4113,41,唐河县
411329,新野县,4113,41,新野县
411330,桐柏县,4113,41,桐柏县
411371,南阳高新技术产业开发区,4113,41,南阳高新技术产业开发区
411372,南阳市城乡一体化示范区,4113,41,南阳市城乡一体化示范区
411381,邓州市,4113,41,邓州市
411402,梁园区,4114,41,梁园区
411403,睢阳区,4114,41,睢阳区
411421,民权县,4114,41,民权县
411422,睢县,4114,41,睢县
411423,宁陵县,4114,41,宁陵县
411424,柘城县,4114,41,柘城县
411425,虞城县,4114,41,虞城县
411426,夏邑县,4114,41,夏邑县
411471,豫东综合物流产业聚集区,4114,41,豫东综合物流产业聚集区
411472,河南商丘经济开发区,4114,41,河南商丘经济开发区
411481,永城市,4114,41,永城市
411502,浉河区,4115,41,浉河区
411503,平桥区,4115,41,平桥区
411521,罗山县,4115,41,罗山县
411522,光山县,4115,41,光山县
411523,新县,4115,41,新县
411524,商城县,4115,41,商城县
411525,固始县,4115,41,固始县
411526,潢川县,4115,41,潢川县
411527,淮滨县,4115,41,淮滨县
411528,息县,4115,41,息县
411571,信阳高新技术产业开发区,4115,41,信阳高新技术产业开发区
411602,川汇区,4116,41,川汇区
411603,淮阳区,4116,41,淮阳区
411621,扶沟县,4116,41,扶沟县
411622,西华县,4116,41,西华县
411623,商水县,4116,41,商水县
411624,沈丘县,4116,41,沈丘县
411625,郸城县,4116,41,郸城县
411627,太康县,4116,41,太康县
411628,鹿邑县,4116,41,鹿邑县
411671,河南周口经济开发区,4116,41,河南周口经济开发区
411681,项城市,4116,41,项城市
411702,驿城区,4117,41,驿城区
411721,西平县,4117,41,西平县
411722,上蔡县,4117,41,上蔡县
411723,平舆县,4117,41,平舆县
411724,正阳县,4117,41,正阳县
411725,确山县,4117,41,确山县
411726,泌阳县,4117,41,泌阳县
411727,汝南县,4117,41,汝南县
411728,遂平县,4117,41,遂平县
411729,新蔡县,4117,41,新蔡县
411771,河南驻马店经济开发区,4117,41,河南驻马店经济开发区
419001,济源市,4190,41,济源市
420102,江岸区,4201,42,江岸区
420103,江汉区,4201,42,江汉区
420104,硚口区,4201,42,硚口区
420105,汉阳区,4201,42,汉阳区
420106,武昌区,4201,42,武昌区
420107,青山区,4201,42,青山区
420111,洪山区,4201,42,洪山区
420112,东西湖区,4201,42,东西湖区
420113,汉南区,4201,42,汉南区
420114,蔡甸区,4201,42,蔡甸区
420115,江夏区,4201,42,江夏区
420116,黄陂区,4201,42,黄陂区
420117,新洲区,4201,42,新洲区
420202,黄石港区,4202,42,黄石港区
420203,西塞山区,4202,42,西塞山区
420204,下陆区,4202,42,下陆区
420205,铁山区,4202,42,铁山区
420222,阳新县,4202,42,阳新县
420281,大冶市,4202,42,大冶市
420302,茅箭区,4203,42,茅箭区
420303,张湾区,4203,42,张湾区
420304,郧阳区,4203,42,郧阳区
420322,郧西县,4203,42,郧西县
420323,竹山县,4203,42,竹山县
420324,竹溪县,4203,42,竹溪县
420325,房县,4203,42,房县
420381,丹江口市,4203,42,丹江口市
420502,西陵区,4205,42,西陵区
420503,伍家岗区,4205,42,伍家岗区
420504,点军区,4205,42,点军区
420505,猇亭区,4205,42,猇亭区
420506,夷陵区,4205,42,夷陵区
420525,远安县,4205,42,远安县
420526,兴山县,4205,42,兴山县
420527,秭归县,4205,42,秭归县
420528,长阳土家族自治县,4205,42,长阳土家族自治县
420529,五峰土家族自治县,4205,42,五峰土家族自治县
420581,宜都市,4205,42,宜都市
420582,当阳市,4205,42,当阳市
420583,枝江市,4205,42,枝江市
420602,襄城区,4206,42,襄城区
420606,樊城区,4206,42,樊城区
420607,襄州区,4206,42,襄州区
420624,南漳县,4206,42,南漳县
420625,谷城县,4206,42,谷城县
420626,保康县,4206,42,保康县
420682,老河口市,4206,42,老河口市
420683,枣阳市,4206,42,枣阳市
420684,宜城市,4206,42,宜城市
420702,梁子湖区,4207,42,梁子湖区
420703,华容区,4207,42,华容区
420704,鄂城区,4207,42,鄂城区
420802,东宝区,4208,42,东宝区
420804,掇刀区,4208,42,掇刀区
420822,沙洋县,4208,42,沙洋县
420881,钟祥市,4208,42,钟祥市
420882,京山市,4208,42,京山市
420902,孝南区,4209,42,孝南区
420921,孝昌县,4209,42,孝昌县
420922,大悟县,4209,42,大悟县
420923,云梦县,4209,42,云梦县
420981,应城市,4209,42,应城市
420982,安陆市,4209,42,安陆市
420984,汉川市,4209,42,汉川市
421002,沙市区,4210,42,沙市区
421003,荆州区,4210,42,荆州区
421022,公安县,4210,42,公安县
421023,监利县,4210,42,监利县
421024,江陵县,4210,42,江陵县
421071,荆州经济技术开发区,4210,42,荆州经济技术开发区
421081,石首市,4210,42,石首市
421083,洪湖市,4210,42,洪湖市
421087,松滋市,4210,42,松滋市
421102,黄州区,4211,42,黄州区
421121,团风县,4211,42,团风县
421122,红安县,4211,42,红安县
421123,罗田县,4211,42,罗田县
421124,英山县,4211,42,英山县
421125,浠水县,4211,42,浠水县
421126,蕲春县,4211,42,蕲春县
421127,黄梅县,4211,42,黄梅县
421171,龙感湖管理区,4211,42,龙感湖管理区
421181,麻城市,4211,42,麻城市
421182,武穴市,4211,42,武穴市
421202,咸安区,4212,42,咸安区
421221,嘉鱼县,4212,42,嘉鱼县
421222,通城县,4212,42,通城县
421223,崇阳县,4212,42,崇阳县
421224,通山县,4212,42,通山县
421281,赤壁市,4212,42,赤壁市
421303,曾都区,4213,42,曾都区
421321,随县,4213,42,随县
421381,广水市,4213,42,广水市
422801,恩施市,4228,42,恩施市
422802,利川市,4228,42,利川市
422822,建始县,4228,42,建始县
422823,巴东县,4228,42,巴东县
422825,宣恩县,4228,42,宣恩县
422826,咸丰县,4228,42,咸丰县
422827,来凤县,4228,42,来凤县
422828,鹤峰县,4228,42,鹤峰县
429004,仙桃市,4290,42,仙桃市
429005,潜江市,4290,42,潜江市
429006,天门市,4290,42,天门市
429021,神农架林区,4290,42,神农架林区
430102,芙蓉区,4301,43,芙蓉区
430103,天心区,4301,43,天心区
430104,岳麓区,4301,43,岳麓区
430105,开福区,4301,43,开福区
430111,雨花区,4301,43,雨花区
430112,望城区,4301,43,望城区
430121,长沙县,4301,43,长沙县
430181,浏阳市,4301,43,浏阳市
430182,宁乡市,4301,43,宁乡市
430202,荷塘区,4302,43,荷塘区
430203,芦淞区,4302,43,芦淞区
430204,石峰区,4302,43,石峰区
430211,天元区,4302,43,天元区
430212,渌口区,4302,43,渌口区
430223,攸县,4302,43,攸县
430224,茶陵县,4302,43,茶陵县
430225,炎陵县,4302,43,炎陵县
430271,云龙示范区,4302,43,云龙示范区
430281,醴陵市,4302,43,醴陵市
430302,雨湖区,4303,43,雨湖区
430304,岳塘区,4303,43,岳塘区
430321,湘潭县,4303,43,湘潭县
430371,湖南湘潭高新技术产业园区,4303,43,湖南湘潭高新技术产业园区
430372,湘潭昭山示范区,4303,43,湘潭昭山示范区
430373,湘潭九华示范区,4303,43,湘潭九华示范区
430381,湘乡市,4303,43,湘乡市
430382,韶山市,4303,43,韶山市
430405,珠晖区,4304,43,珠晖区
430406,雁峰区,4304,43,雁峰区
430407,石鼓区,4304,43,石鼓区
430408,蒸湘区,4304,43,蒸湘区
430412,南岳区,4304,43,南岳区
430421,衡阳县,4304,43,衡阳县
430422,衡南县,4304,43,衡南县
430423,衡山县,4304,43,衡山县
430424,衡东县,4304,43,衡东县
430426,祁东县,4304,43,祁东县
430471,衡阳综合保税区,4304,43,衡阳综合保税区
430472,湖南衡阳高新技术产业园区,4304,43,湖南衡阳高新技术产业园区
430473,湖南衡阳松木经济开发区,4304,43,湖南衡阳松木经济开发区
430481,耒阳市,4304,43,耒阳市
430482,常宁市,4304,43,常宁市
430502,双清区,4305,43,双清区
430503,大祥区,4305,43,大祥区
430511,北塔区,4305,43,北塔区
430522,新邵县,4305,43,新邵县
430523,邵阳县,4305,43,邵阳县
430524,隆回县,4305,43,隆回县
430525,洞口县,4305,43,洞口县
430527,绥宁县,4305,43,绥宁县
430528,新宁县,4305,43,新宁县
430529,城步苗族自治县,4305,43,城步苗族自治县
430581,武冈市,4305,43,武冈市
430582,邵东市,4305,43,邵东市
430602,岳阳楼区,4306,43,岳阳楼区
430603,云溪区,4306,43,云溪区
430611,君山区,4306,43,君山区
430621,岳阳县,4306,43,岳阳县
430623,华容县,4306,43,华容县
430624,湘阴县,4306,43,湘阴县
430626,平江县,4306,43,平江县
430671,岳阳市屈原管理区,4306,43,岳阳市屈原管理区
430681,汨罗市,4306,43,汨罗市
430682,临湘市,4306,43,临湘市
430702,武陵区,4307,43,武陵区
430703,鼎城区,4307,43,鼎城区
430721,安乡县,4307,43,安乡县
430722,汉寿县,4307,43,汉寿县
430723,澧县,4307,43,澧县
430724,临澧县,4307,43,临澧县
430725,桃源县,4307,43,桃源县
430726,石门县,4307,43,石门县
430771,常德市西洞庭管理区,4307,43,常德市西洞庭管理区
430781,津市市,4307,43,津市市
430802,永定区,4308,43,永定区
430811,武陵源区,4308,43,武陵源区
430821,慈利县,4308,43,慈利县
430822,桑植县,4308,43,桑植县
430902,资阳区,4309,43,资阳区
430903,赫山区,4309,43,赫山区
430921,南县,4309,43,南县
430922,桃江县,4309,43,桃江县
430923,安化县,4309,43,安化县
430971,益阳市大通湖管理区,4309,43,益阳市大通湖管理区
430972,湖南益阳高新技术产业园区,4309,43,湖南益阳高新技术产业园区
430981,沅江市,4309,43,沅江市
431002,北湖区,4310,43,北湖区
431003,苏仙区,4310,43,苏仙区
431021,桂阳县,4310,43,桂阳县
431022,宜章县,4310,43,宜章县
431023,永兴县,4310,43,永兴县
431024,嘉禾县,4310,43,嘉禾县
431025,临武县,4310,43,临武县
431026,汝城县,4310,43,汝城县
431027,桂东县,4310,43,桂东县
431028,安仁县,4310,43,安仁县
431081,资兴市,4310,43,资兴市
431102,零陵区,4311,43,零陵区
431103,冷水滩区,4311,43,冷水滩区
431121,祁阳县,4311,43,祁阳县
431122,东安县,4311,43,东安县
431123,双牌县,4311,43,双牌县
431124,道县,4311,43,道县
431125,江永县,4311,43,江永县
431126,宁远县,4311,43,宁远县
431127,蓝山县,4311,43,蓝山县
431128,新田县,4311,43,新田县
431129,江华瑶族自治县,4311,43,江华瑶族自治县
431171,永州经济技术开发区,4311,43,永州经济技术开发区
431172,永州市金洞管理区,4311,43,永州市金洞管理区
431173,永州市回龙圩管理区,4311,43,永州市回龙圩管理区
431202,鹤城区,4312,43,鹤城区
431221,中方县,4312,43,中方县
431222,沅陵县,4312,43,沅陵县
431223,辰溪县,4312,43,辰溪县
431224,溆浦县,4312,43,溆浦县
431225,会同县,4312,43,会同县
431226,麻阳苗族自治县,4312,43,麻阳苗族自治县
431227,新晃侗族自治县,4312,43,新晃侗族自治县
431228,芷江侗族自治县,4312,43,芷江侗族自治县
431229,靖州苗族侗族自治县,4312,43,靖州苗族侗族自治县
431230,通道侗族自治县,4312,43,通道侗族自治县
431271,怀化市洪江管理区,4312,43,怀化市洪江管理区
431281,洪江市,4312,43,洪江市
431302,娄星区,4313,43,娄星区
431321,双峰县,4313,43,双峰县
431322,新化县,4313,43,新化县
431381,冷水江市,4313,43,冷水江市
431382,涟源市,4313,43,涟源市
433101,吉首市,4331,43,吉首市
433122,泸溪县,4331,43,泸溪县
433123,凤凰县,4331,43,凤凰县
433124,花垣县,4331,43,花垣县
433125,保靖县,4331,43,保靖县
433126,古丈县,4331,43,古丈县
433127,永顺县,4331,43,永顺县
433130,龙山县,4331,43,龙山县
433173,湖南永顺经济开发区,4331,43,湖南永顺经济开发区
440103,荔湾区,4401,44,荔湾区
440104,越秀区,4401,44,越秀区
440105,海珠区,4401,44,海珠区
440106,天河区,4401,44,天河区
440111,白云区,4401,44,白云区
440112,黄埔区,4401,44,黄埔区
440113,番禺区,4401,44,番禺区
440114,花都区,4401,44,花都区
440115,南沙区,4401,44,南沙区
440117,从化区,4401,44,从化区
440118,增城区,4401,44,增城区
440203,武江区,4402,44,武江区
440204,浈江区,4402,44,浈江区
440205,曲江区,4402,44,曲江区
440222,始兴县,4402,44,始兴县
440224,仁化县,4402,44,仁化县
440229,翁源县,4402,44,翁源县
440232,乳源瑶族自治县,4402,44,乳源瑶族自治县
440233,新丰县,4402,44,新丰县
440281,乐昌市,4402,44,乐昌市
440282,南雄市,4402,44,南雄市
440303,罗湖区,4403,44,罗湖区
440304,福田区,4403,44,福田区
440305,南山区,4403,44,南山区
440306,宝安区,4403,44,宝安区
440307,龙岗区,4403,44,龙岗区
440308,盐田区,4403,44,盐田区
440309,龙华区,4403,44,龙华区
440310,坪山区,4403,44,坪山区
440311,光明区,4403,44,光明区
440402,香洲区,4404,44,香洲区
440403,斗门区,4404,44,斗门区
440404,金湾区,4404,44,金湾区
440507,龙湖区,4405,44,龙湖区
440511,金平区,4405,44,金平区
440512,濠江区,4405,44,濠江区
440513,潮阳区,4405,44,潮阳区
440514,潮南区,4405,44,潮南区
440515,澄海区,4405,44,澄海区
440523,南澳县,4405,44,南澳县
440604,禅城区,4406,44,禅城区
440605,南海区,4406,44,南海区
440606,顺德区,4406,44,顺德区
440607,三水区,4406,44,三水区
440608,高明区,4406,44,高明区
440703,蓬江区,4407,44,蓬江区
440704,江海区,4407,44,江海区
440705,新会区,4407,44,新会区
440781,台山市,4407,44,台山市
440783,开平市,4407,44,开平市
440784,鹤山市,4407,44,鹤山市
440785,恩平市,4407,44,恩平市
440802,赤坎区,4408,44,赤坎区
440803,霞山区,4408,44,霞山区
440804,坡头区,4408,44,坡头区
440811,麻章区,4408,44,麻章区
440823,遂溪县,4408,44,遂溪县
440825,徐闻县,4408,44,徐闻县
440881,廉江市,4408,44,廉江市
440882,雷州市,4408,44,雷州市
440883,吴川市,4408,44,吴川市
440902,茂南区,4409,44,茂南区
440904,电白区,4409,44,电白区
440981,高州市,4409,44,高州市
440982,化州市,4409,44,化州市
440983,信宜市,4409,44,信宜市
441202,端州区,4412,44,端州区
441203,鼎湖区,4412,44,鼎湖区
441204,高要区,4412,44,高要区
441223,广宁县,4412,44,广宁县
441224,怀集县,4412,44,怀集县
441225,封开县,4412,44,封开县
441226,德庆县,4412,44,德庆县
441284,四会市,4412,44,四会市
441302,惠城区,4413,44,惠城区
441303,惠阳区,4413,44,惠阳区
441322,博罗县,4413,44,博罗县
441323,惠东县,4413,44,惠东县
441324,龙门县,4413,44,龙门县
441402,梅江区,4414,44,梅江区
441403,梅县区,4414,44,梅县区
441422,大埔县,4414,44,大埔县
441423,丰顺县,4414,44,丰顺县
441424,五华县,4414,44,五华县
441426,平远县,4414,44,平远县
441427,蕉岭县,4414,44,蕉岭县
441481,兴宁市,4414,44,兴宁市
441502,城区,4415,44,城区
441521,海丰县,4415,44,海丰县
441523,陆河县,4415,44,陆河县
441581,陆丰市,4415,44,陆丰市
441602,源城区,4416,44,源城区
441621,紫金县,4416,44,紫金县
441622,龙川县,4416,44,龙川县
441623,连平县,4416,44,连平县
441624,和平县,4416,44,和平县
441625,东源县,4416,44,东源县
441702,江城区,4417,44,江城区
441704,阳东区,4417,44,阳东区
441721,阳西县,4417,44,阳西县
441781,阳春市,4417,44,阳春市
441802,清城区,4418,44,清城区
441803,清新区,4418,44,清新区
441821,佛冈县,4418,44,佛冈县
441823,阳山县,4418,44,阳山县
441825,连山壮族瑶族自治县,4418,44,连山壮族瑶族自治县
441826,连南瑶族自治县,4418,44,连南瑶族自治县
441881,英德市,4418,44,英德市
441882,连州市,4418,44,连州市
441900,东莞市,4419,44,东莞市
442000,中山市,4420,44,中山市
445102,湘桥区,4451,44,湘桥区
445103,潮安区,4451,44,潮安区
445122,饶平县,4451,44,饶平县
445202,榕城区,4452,44,榕城区
445203,揭东区,4452,44,揭东区
445222,揭西县,4452,44,揭西县
445224,惠来县,4452,44,惠来县
445281,普宁市,4452,44,普宁市
445302,云城区,4453,44,云城区
445303,云安区,4453,44,云安区
445321,新兴县,4453,44,新兴县
445322,郁南县,4453,44,郁南县
445381,罗定市,4453,44,罗定市
450102,兴宁区,4501,45,兴宁区
450103,青秀区,4501,45,青秀区
450105,江南区,4501,45,江南区
450107,西乡塘区,4501,45,西乡塘区
450108,良庆区,4501,45,良庆区
450109,邕宁区,4501,45,邕宁区
450110,武鸣区,4501,45,武鸣区
450123,隆安县,4501,45,隆安县
450124,马山县,4501,45,马山县
450125,上林县,4501,45,上林县
450126,宾阳县,4501,45,宾阳县
450127,横县,4501,45,横县
450202,城中区,4502,45,城中区
450203,鱼峰区,4502,45,鱼峰区
450204,柳南区,4502,45,柳南区
450205,柳北区,4502,45,柳北区
450206,柳江区,4502,45,柳江区
450222,柳城县,4502,45,柳城县
450223,鹿寨县,4502,45,鹿寨县
450224,融安县,4502,45,融安县
450225,融水苗族自治县,4502,45,融水苗族自治县
450226,三江侗族自治县,4502,45,三江侗族自治县
450302,秀峰区,4503,45,秀峰区
450303,叠彩区,4503,45,叠彩区
450304,象山区,4503,45,象山区
450305,七星区,4503,45,七星区
450311,雁山区,4503,45,雁山区
450312,临桂区,4503,45,临桂区
450321,阳朔县,4503,45,阳朔县
450323,灵川县,4503,45,灵川县
450324,全州县,4503,45,全州县
450325,兴安县,4503,45,兴安县
450326,永福县,4503,45,永福县
450327,灌阳县,4503,45,灌阳县
450328,龙胜各族自治县,4503,45,龙胜各族自治县
450329,资源县,4503,45,资源县
450330,平乐县,4503,45,平乐县
450332,恭城瑶族自治县,4503,45,恭城瑶族自治县
450381,荔浦市,4503,45,荔浦市
450403,万秀区,4504,45,万秀区
450405,长洲区,4504,45,长洲区
450406,龙圩区,4504,45,龙圩区
450421,苍梧县,4504,45,苍梧县
450422,藤县,4504,45,藤县
450423,蒙山县,4504,45,蒙山县
450481,岑溪市,4504,45,岑溪市
450502,海城区,4505,45,海城区
450503,银海区,4505,45,银海区
450512,铁山港区,4505,45,铁山港区
450521,合浦县,4505,45,合浦县
450602,港口区,4506,45,港口区
450603,防城区,4506,45,防城区
450621,上思县,4506,45,上思县
450681,东兴市,4506,45,东兴市
450702,钦南区,4507,45,钦南区
450703,钦北区,4507,45,钦北区
450721,灵山县,4507,45,灵山县
450722,浦北县,4507,45,浦北县
450802,港北区,4508,45,港北区
450803,港南区,4508,45,港南区
450804,覃塘区,4508,45,覃塘区
450821,平南县,4508,45,平南县
450881,桂平市,4508,45,桂平市
450902,玉州区,4509,45,玉州区
450903,福绵区,4509,45,福绵区
450921,容县,4509,45,容县
450922,陆川县,4509,45,陆川县
450923,博白县,4509,45,博白县
450924,兴业县,4509,45,兴业县
450981,北流市,4509,45,北流市
451002,右江区,4510,45,右江区
451003,田阳区,4510,45,田阳区
451022,田东县,4510,45,田东县
451023,平果县,4510,45,平果县
451024,德保县,4510,45,德保县
451026,那坡县,4510,45,那坡县
451027,凌云县,4510,45,凌云县
451028,乐业县,4510,45,乐业县
451029,田林县,4510,45,田林县
451030,西林县,4510,45,西林县
451031,隆林各族自治县,4510,45,隆林各族自治县
451081,靖西市,4510,45,靖西市
451102,八步区,4511,45,八步区
451103,平桂区,4511,45,平桂区
451121,昭平县,4511,45,昭平县
451122,钟山县,4511,45,钟山县
451123,富川瑶族自治县,4511,45,富川瑶族自治县
451202,金城江区,4512,45,金城江区
451203,宜州区,4512,45,宜州区
451221,南丹县,4512,45,南丹县
451222,天峨县,4512,45,天峨县
451223,凤山县,4512,45,凤山县
451224,东兰县,4512,45,东兰县
451225,罗城仫佬族自治县,4512,45,罗城仫佬族自治县
451226,环江毛南族自治县,4512,45,环江毛南族自治县
451227,巴马瑶族自治县,4512,45,巴马瑶族自治县
451228,都安瑶族自治县,4512,45,都安瑶族自治县
451229,大化瑶族自治县,4512,45,大化瑶族自治县
451302,兴宾区,4513,45,兴宾区
451321,忻城县,4513,45,忻城县
451322,象州县,4513,45,象州县
451323,武宣县,4513,45,武宣县
451324,金秀瑶族自治县,4513,45,金秀瑶族自治县
451381,合山市,4513,45,合山市
451402,江州区,4514,45,江州区
451421,扶绥县,4514,45,扶绥县
451422,宁明县,4514,45,宁明县
451423,龙州县,4514,45,龙州县
451424,大新县,4514,45,大新县
451425,天等县,4514,45,天等县
451481,凭祥市,4514,45,凭祥市
460105,秀英区,4601,46,秀英区
460106,龙华区,4601,46,龙华区
460107,琼山区,4601,46,琼山区
460108,美兰区,4601,46,美兰区
460202,海棠区,4602,46,海棠区
460203,吉阳区,4602,46,吉阳区
460204,天涯区,4602,46,天涯区
460205,崖州区,4602,46,崖州区
460321,西沙群岛,4603,46,西沙群岛
460322,南沙群岛,4603,46,南沙群岛
460323,中沙群岛的岛礁及其海域,4603,46,中沙群岛的岛礁及其海域
460400,儋州市,4604,46,儋州市
469001,五指山市,4690,46,五指山市
469002,琼海市,4690,46,琼海市
469005,文昌市,4690,46,文昌市
469006,万宁市,4690,46,万宁市
469007,东方市,4690,46,东方市
469021,定安县,4690,46,定安县
469022,屯昌县,4690,46,屯昌县
469023,澄迈县,4690,46,澄迈县
469024,临高县,4690,46,临高县
469025,白沙黎族自治县,4690,46,白沙黎族自治县
469026,昌江黎族自治县,4690,46,昌江黎族自治县
469027,乐东黎族自治县,4690,46,乐东黎族自治县
469028,陵水黎族自治县,4690,46,陵水黎族自治县
469029,保亭黎族苗族自治县,4690,46,保亭黎族苗族自治县
469030,琼中黎族苗族自治县,4690,46,琼中黎族苗族自治县
500101,万州区,5001,50,万州区
500102,涪陵区,5001,50,涪陵区
500103,渝中区,5001,50,渝中区
500104,大渡口区,5001,50,大渡口区
500105,江北区,5001,50,江北区
500106,沙坪坝区,5001,50,沙坪坝区
500107,九龙坡区,5001,50,九龙坡区
500108,南岸区,5001,50,南岸区
500109,北碚区,5001,50,北碚区
500110,綦江区,5001,50,綦江区
500111,大足区,5001,50,大足区
500112,渝北区,5001,50,渝北区
500113,巴南区,5001,50,巴南区
500114,黔江区,5001,50,黔江区
500115,长寿区,5001,50,长寿区
500116,江津区,5001,50,江津区
500117,合川区,5001,50,合川区
500118,永川区,5001,50,永川区
500119,南川区,5001,50,南川区
500120,璧山区,5001,50,璧山区
500151,铜梁区,5001,50,铜梁区
500152,潼南区,5001,50,潼南区
500153,荣昌区,5001,50,荣昌区
500154,开州区,5001,50,开州区
500155,梁平区,5001,50,梁平区
500156,武隆区,5001,50,武隆区
500229,城口县,5002,50,城口县
500230,丰都县,5002,50,丰都县
500231,垫江县,5002,50,垫江县
500233,忠县,5002,50,忠县
500235,云阳县,5002,50,云阳县
500236,奉节县,5002,50,奉节县
500237,巫山县,5002,50,巫山县
500238,巫溪县,5002,50,巫溪县
500240,石柱土家族自治县,5002,50,石柱土家族自治县
500241,秀山土家族苗族自治县,5002,50,秀山土家族苗族自治县
500242,酉阳土家族苗族自治县,5002,50,酉阳土家族苗族自治县
500243,彭水苗族土家族自治县,5002,50,彭水苗族土家族自治县
510104,锦江区,5101,51,锦江区
510105,青羊区,5101,51,青羊区
510106,金牛区,5101,51,金牛区
510107,武侯区,5101,51,武侯区
510108,成华区,5101,51,成华区
510112,龙泉驿区,5101,51,龙泉驿区
510113,青白江区,5101,51,青白江区
510114,新都区,5101,51,新都区
510115,温江区,5101,51,温江区
510116,双流区,5101,51,双流区
510117,郫都区,5101,51,郫都区
510121,金堂县,5101,51,金堂县
510129,大邑县,5101,51,大邑县
510131,蒲江县,5101,51,蒲江县
510132,新津县,5101,51,新津县
510181,都江堰市,5101,51,都江堰市
510182,彭州市,5101,51,彭州市
510183,邛崃市,5101,51,邛崃市
510184,崇州市,5101,51,崇州市
510185,简阳市,5101,51,简阳市
510302,自流井区,5103,51,自流井区
510303,贡井区,5103,51,贡井区
510304,大安区,5103,51,大安区
510311,沿滩区,5103,51,沿滩区
510321,荣县,5103,51,荣县
510322,富顺县,5103,51,富顺县
510402,东区,5104,51,东区
510403,西区,5104,51,西区
510411,仁和区,5104,51,仁和区
510421,米易县,5104,51,米易县
510422,盐边县,5104,51,盐边县
510502,江阳区,5105,51,江阳区
510503,纳溪区,5105,51,纳溪区
510504,龙马潭区,5105,51,龙马潭区
510521,泸县,5105,51,泸县
510522,合江县,5105,51,合江县
510524,叙永县,5105,51,叙永县
510525,古蔺县,5105,51,古蔺县
510603,旌阳区,5106,51,旌阳区
510604,罗江区,5106,51,罗江区
510623,中江县,5106,51,中江县
510681,广汉市,5106,51,广汉市
510682,什邡市,5106,51,什邡市
510683,绵竹市,5106,51,绵竹市
510703,涪城区,5107,51,涪城区
510704,游仙区,5107,51,游仙区
510705,安州区,5107,51,安州区
510722,三台县,5107,51,三台县
510723,盐亭县,5107,51,盐亭县
510725,梓潼县,5107,51,梓潼县
510726,北川羌族自治县,5107,51,北川羌族自治县
510727,平武县,5107,51,平武县
510781,江油市,5107,51,江油市
510802,利州区,5108,51,利州区
510811,昭化区,5108,51,昭化区
510812,朝天区,5108,51,朝天区
510821,旺苍县,5108,51,旺苍县
510822,青川县,5108,51,青川县
510823,剑阁县,5108,51,剑阁县
510824,苍溪县,5108,51,苍溪县
510903,船山区,5109,51,船山区
510904,安居区,5109,51,安居区
510921,蓬溪县,5109,51,蓬溪县
510923,大英县,5109,51,大英县
510981,射洪市,5109,51,射洪市
511002,市中区,5110,51,市中区
511011,东兴区,5110,51,东兴区
511024,威远县,5110,51,威远县
511025,资中县,5110,51,资中县
511071,内江经济开发区,5110,51,内江经济开发区
511083,隆昌市,5110,51,隆昌市
511102,市中区,5111,51,市中区
511111,沙湾区,5111,51,沙湾区
511112,五通桥区,5111,51,五通桥区
511113,金口河区,5111,51,金口河区
511123,犍为县,5111,51,犍为县
511124,井研县,5111,51,井研县
511126,夹江县,5111,51,夹江县
511129,沐川县,5111,51,沐川县
511132,峨边彝族自治县,5111,51,峨边彝族自治县
511133,马边彝族自治县,5111,51,马边彝族自治县
511181,峨眉山市,5111,51,峨眉山市
511302,顺庆区,5113,51,顺庆区
511303,高坪区,5113,51,高坪区
511304,嘉陵区,5113,51,嘉陵区
511321,南部县,5113,51,南部县
511322,营山县,5113,51,营山县
511323,蓬安县,5113,51,蓬安县
511324,仪陇县,5113,51,仪陇县
511325,西充县,5113,51,西充县
511381,阆中市,5113,51,阆中市
511402,东坡区,5114,51,东坡区
511403,彭山区,5114,51,彭山区
511421,仁寿县,5114,51,仁寿县
511423,洪雅县,5114,51,洪雅县
511424,丹棱县,5114,51,丹棱县
511425,青神县,5114,51,青神县
511502,翠屏区,5115,51,翠屏区
511503,南溪区,5115,51,南溪区
511504,叙州区,5115,51,叙州区
511523,江安县,5115,51,江安县
511524,长宁县,5115,51,长宁县
511525,高县,5115,51,高县
511526,珙县,5115,51,珙县
511527,筠连县,5115,51,筠连县
511528,兴文县,5115,51,兴文县
511529,屏山县,5115,51,屏山县
511602,广安区,5116,51,广安区
511603,前锋区,5116,51,前锋区
511621,岳池县,5116,51,岳池县
511622,武胜县,5116,51,武胜县
511623,邻水县,5116,51,邻水县
511681,华蓥市,5116,51,华蓥市
511702,通川区,5117,51,通川区
511703,达川区,5117,51,达川区
511722,宣汉县,5117,51,宣汉县
511723,开江县,5117,51,开江县
511724,大竹县,5117,51,大竹县
511725,渠县,5117,51,渠县
511771,达州经济开发区,5117,51,达州经济开发区
511781,万源市,5117,51,万源市
511802,雨城区,5118,51,雨城区
511803,名山区,5118,51,名山区
511822,荥经县,5118,51,荥经县
511823,汉源县,5118,51,汉源县
511824,石棉县,5118,51,石棉县
511825,天全县,5118,51,天全县
511826,芦山县,5118,51,芦山县
511827,宝兴县,5118,51,宝兴县
511902,巴州区,5119,51,巴州区
511903,恩阳区,5119,51,恩阳区
511921,通江县,5119,51,通江县
511922,南江县,5119,51,南江县
511923,平昌县,5119,51,平昌县
511971,巴中经济开发区,5119,51,巴中经济开发区
512002,雁江区,5120,51,雁江区
512021,安岳县,5120,51,安岳县
512022,乐至县,5120,51,乐至县
513201,马尔康市,5132,51,马尔康市
513221,汶川县,5132,51,汶川县
513222,理县,5132,51,理县
513223,茂县,5132,51,茂县
513224,松潘县,5132,51,松潘县
513225,九寨沟县,5132,51,九寨沟县
513226,金川县,5132,51,金川县
513227,小金县,5132,51,小金县
513228,黑水县,5132,51,黑水县
513230,壤塘县,5132,51,壤塘县
513231,阿坝县,5132,51,阿坝县
513232,若尔盖县,5132,51,若尔盖县
513233,红原县,5132,51,红原县
513301,康定市,5133,51,康定市
513322,泸定县,5133,51,泸定县
513323,丹巴县,5133,51,丹巴县
513324,九龙县,5133,51,九龙县
513325,雅江县,5133,51,雅江县
513326,道孚县,5133,51,道孚县
513327,炉霍县,5133,51,炉霍县
513328,甘孜县,5133,51,甘孜县
513329,新龙县,5133,51,新龙县
513330,德格县,5133,51,德格县
513331,白玉县,5133,51,白玉县
513332,石渠县,5133,51,石渠县
513333,色达县,5133,51,色达县
513334,理塘县,5133,51,理塘县
513335,巴塘县,5133,51,巴塘县
513336,乡城县,5133,51,乡城县
513337,稻城县,5133,51,稻城县
513338,得荣县,5133,51,得荣县
513401,西昌市,5134,51,西昌市
513422,木里藏族自治县,5134,51,木里藏族自治县
513423,盐源县,5134,51,盐源县
513424,德昌县,5134,51,德昌县
513425,会理县,5134,51,会理县
513426,会东县,5134,51,会东县
513427,宁南县,5134,51,宁南县
513428,普格县,5134,51,普格县
513429,布拖县,5134,51,布拖县
513430,金阳县,5134,51,金阳县
513431,昭觉县,5134,51,昭觉县
513432,喜德县,5134,51,喜德县
513433,冕宁县,5134,51,冕宁县
513434,越西县,5134,51,越西县
513435,甘洛县,5134,51,甘洛县
513436,美姑县,5134,51,美姑县
513437,雷波县,5134,51,雷波县
520102,南明区,5201,52,南明区
520103,云岩区,5201,52,云岩区
520111,花溪区,5201,52,花溪区
520112,乌当区,5201,52,乌当区
520113,白云区,5201,52,白云区
520115,观山湖区,5201,52,观山湖区
520121,开阳县,5201,52,开阳县
520122,息烽县,5201,52,息烽县
520123,修文县,5201,52,修文县
520181,清镇市,5201,52,清镇市
520201,钟山区,5202,52,钟山区
520203,六枝特区,5202,52,六枝特区
520221,水城县,5202,52,水城县
520281,盘州市,5202,52,盘州市
520302,红花岗区,5203,52,红花岗区
520303,汇川区,5203,52,汇川区
520304,播州区,5203,52,播州区
520322,桐梓县,5203,52,桐梓县
520323,绥阳县,5203,52,绥阳县
520324,正安县,5203,52,正安县
520325,道真仡佬族苗族自治县,5203,52,道真仡佬族苗族自治县
520326,务川仡佬族苗族自治县,5203,52,务川仡佬族苗族自治县
520327,凤冈县,5203,52,凤冈县
520328,湄潭县,5203,52,湄潭县
520329,余庆县,5203,52,余庆县
520330,习水县,5203,52,习水县
520381,赤水市,5203,52,赤水市
520382,仁怀市,5203,52,仁怀市
520402,西秀区,5204,52,西秀区
520403,平坝区,5204,52,平坝区
520422,普定县,5204,52,普定县
520423,镇宁布依族苗族自治县,5204,52,镇宁布依族苗族自治县
520424,关岭布依族苗族自治县,5204,52,关岭布依族苗族自治县
520425,紫云苗族布依族自治县,5204,52,紫云苗族布依族自治县
520502,七星关区,5205,52,七星关区
520521,大方县,5205,52,大方县
520522,黔西县,5205,52,黔西县
520523,金沙县,5205,52,金沙县
520524,织金县,5205,52,织金县
520525,纳雍县,5205,52,纳雍县
520526,威宁彝族回族苗族自治县,5205,52,威宁彝族回族苗族自治县
520527,赫章县,5205,52,赫章县
520602,碧江区,5206,52,碧江区
520603,万山区,5206,52,万山区
520621,江口县,5206,52,江口县
520622,玉屏侗族自治县,5206,52,玉屏侗族自治县
520623,石阡县,5206,52,石阡县
520624,思南县,5206,52,思南县
520625,印江土家族苗族自治县,5206,52,印江土家族苗族自治县
520626,德江县,5206,52,德江县
520627,沿河土家族自治县,5206,52,沿河土家族自治县
520628,松桃苗族自治县,5206,52,松桃苗族自治县
522301,兴义市,5223,52,兴义市
522302,兴仁市,5223,52,兴仁市
522323,普安县,5223,52,普安县
522324,晴隆县,5223,52,晴隆县
522325,贞丰县,5223,52,贞丰县
522326,望谟县,5223,52,望谟县
522327,册亨县,5223,52,册亨县
522328,安龙县,5223,52,安龙县
522601,凯里市,5226,52,凯里市
522622,黄平县,5226,52,黄平县
522623,施秉县,5226,52,施秉县
522624,三穗县,5226,52,三穗县
522625,镇远县,5226,52,镇远县
522626,岑巩县,5226,52,岑巩县
522627,天柱县,5226,52,天柱县
522628,锦屏县,5226,52,锦屏县
522629,剑河县,5226,52,剑河县
522630,台江县,5226,52,台江县
522631,黎平县,5226,52,黎平县
522632,榕江县,5226,52,榕江县
522633,从江县,5226,52,从江县
522634,雷山县,5226,52,雷山县
522635,麻江县,5226,52,麻江县
522636,丹寨县,5226,52,丹寨县
522701,都匀市,5227,52,都匀市
522702,福泉市,5227,52,福泉市
522722,荔波县,5227,52,荔波县
522723,贵定县,5227,52,贵定县
522725,瓮安县,5227,52,瓮安县
522726,独山县,5227,52,独山县
522727,平塘县,5227,52,平塘县
522728,罗甸县,5227,52,罗甸县
522729,长顺县,5227,52,长顺县
522730,龙里县,5227,52,龙里县
522731,惠水县,5227,52,惠水县
522732,三都水族自治县,5227,52,三都水族自治县
530102,五华区,5301,53,五华区
530103,盘龙区,5301,53,盘龙区
530111,官渡区,5301,53,官渡区
530112,西山区,5301,53,西山区
530113,东川区,5301,53,东川区
530114,呈贡区,5301,53,呈贡区
530115,晋宁区,5301,53,晋宁区
530124,富民县,5301,53,富民县
530125,宜良县,5301,53,宜良县
530126,石林彝族自治县,5301,53,石林彝族自治县
530127,嵩明县,5301,53,嵩明县
530128,禄劝彝族苗族自治县,5301,53,禄劝彝族苗族自治县
530129,寻甸回族彝族自治县,5301,53,寻甸回族彝族自治县
530181,安宁市,5301,53,安宁市
530302,麒麟区,5303,53,麒麟区
530303,沾益区,5303,53,沾益区
530304,马龙区,5303,53,马龙区
530322,陆良县,5303,53,陆良县
530323,师宗县,5303,53,师宗县
530324,罗平县,5303,53,罗平县
530325,富源县,5303,53,富源县
530326,会泽县,5303,53,会泽县
530381,宣威市,5303,53,宣威市
530402,红塔区,5304,53,红塔区
530403,江川区,5304,53,江川区
530422,澄江县,5304,53,澄江县
530423,通海县,5304,53,通海县
530424,华宁县,5304,53,华宁县
530425,易门县,5304,53,易门县
530426,峨山彝族自治县,5304,53,峨山彝族自治县
530427,新平彝族傣族自治县,5304,53,新平彝族傣族自治县
530428,元江哈尼族彝族傣族自治县,5304,53,元江哈尼族彝族傣族自治县
530502,隆阳区,5305,53,隆阳区
530521,施甸县,5305,53,施甸县
530523,龙陵县,5305,53,龙陵县
530524,昌宁县,5305,53,昌宁县
530581,腾冲市,5305,53,腾冲市
530602,昭阳区,5306,53,昭阳区
530621,鲁甸县,5306,53,鲁甸县
530622,巧家县,5306,53,巧家县
530623,盐津县,5306,53,盐津县
530624,大关县,5306,53,大关县
530625,永善县,5306,53,永善县
530626,绥江县,5306,53,绥江县
530627,镇雄县,5306,53,镇雄县
530628,彝良县,5306,53,彝良县
530629,威信县,5306,53,威信县
530681,水富市,5306,53,水富市
530702,古城区,5307,53,古城区
530721,玉龙纳西族自治县,5307,53,玉龙纳西族自治县
530722,永胜县,5307,53,永胜县
530723,华坪县,5307,53,华坪县
530724,宁蒗彝族自治县,5307,53,宁蒗彝族自治县
530802,思茅区,5308,53,思茅区
530821,宁洱哈尼族彝族自治县,5308,53,宁洱哈尼族彝族自治县
530822,墨江哈尼族自治县,5308,53,墨江哈尼族自治县
530823,景东彝族自治县,5308,53,景东彝族自治县
530824,景谷傣族彝族自治县,5308,53,景谷傣族彝族自治县
530825,镇沅彝族哈尼族拉祜族自治县,5308,53,镇沅彝族哈尼族拉祜族自治县
530826,江城哈尼族彝族自治县,5308,53,江城哈尼族彝族自治县
530827,孟连傣族拉祜族佤族自治县,5308,53,孟连傣族拉祜族佤族自治县
530828,澜沧拉祜族自治县,5308,53,澜沧拉祜族自治县
530829,西盟佤族自治县,5308,53,西盟佤族自治县
530902,临翔区,5309,53,临翔区
530921,凤庆县,5309,53,凤庆县
530922,云县,5309,53,云县
530923,永德县,5309,53,永德县
530924,镇康县,5309,53,镇康县
530925,双江拉祜族佤族布朗族傣族自治县,5309,53,双江拉祜族佤族布朗族傣族自治县
530926,耿马傣族佤族自治县,5309,53,耿马傣族佤族自治县
530927,沧源佤族自治县,5309,53,沧源佤族自治县
532301,楚雄市,5323,53,楚雄市
532322,双柏县,5323,53,双柏县
532323,牟定县,5323,53,牟定县
532324,南华县,5323,53,南华县
532325,姚安县,5323,53,姚安县
532326,大姚县,5323,53,大姚县
532327,永仁县,5323,53,永仁县
532328,元谋县,5323,53,元谋县
532329,武定县,5323,53,武定县
532331,禄丰县,5323,53,禄丰县
532501,个旧市,5325,53,个旧市
532502,开远市,5325,53,开远市
532503,蒙自市,5325,53,蒙自市
532504,弥勒市,5325,53,弥勒市
532523,屏边苗族自治县,5325,53,屏边苗族自治县
532524,建水县,5325,53,建水县
532525,石屏县,5325,53,石屏县
532527,泸西县,5325,53,泸西县
532528,元阳县,5325,53,元阳县
532529,红河县,5325,53,红河县
532530,金平苗族瑶族傣族自治县,5325,53,金平苗族瑶族傣族自治县
532531,绿春县,5325,53,绿春县
532532,河口瑶族自治县,5325,53,河口瑶族自治县
532601,文山市,5326,53,文山市
532622,砚山县,5326,53,砚山县
532623,西畴县,5326,53,西畴县
532624,麻栗坡县,5326,53,麻栗坡县
532625,马关县,5326,53,马关县
532626,丘北县,5326,53,丘北县
532627,广南县,5326,53,广南县
532628,富宁县,5326,53,富宁县
532801,景洪市,5328,53,景洪市
532822,勐海县,5328,53,勐海县
532823,勐腊县,5328,53,勐腊县
532901,大理市,5329,53,大理市
532922,漾濞彝族自治县,5329,53,漾濞彝族自治县
532923,祥云县,5329,53,祥云县
532924,宾川县,5329,53,宾川县
532925,弥渡县,5329,53,弥渡县
532926,南涧彝族自治县,5329,53,南涧彝族自治县
532927,巍山彝族回族自治县,5329,53,巍山彝族回族自治县
532928,永平县,5329,53,永平县
532929,云龙县,5329,53,云龙县
532930,洱源县,5329,53,洱源县
532931,剑川县,5329,53,剑川县
532932,鹤庆县,5329,53,鹤庆县
533102,瑞丽市,5331,53,瑞丽市
533103,芒市,5331,53,芒市
533122,梁河县,5331,53,梁河县
533123,盈江县,5331,53,盈江县
533124,陇川县,5331,53,陇川县
533301,泸水市,5333,53,泸水市
533323,福贡县,5333,53,福贡县
533324,贡山独龙族怒族自治县,5333,53,贡山独龙族怒族自治县
533325,兰坪白族普米族自治县,5333,53,兰坪白族普米族自治县
533401,香格里拉市,5334,53,香格里拉市
533422,德钦县,5334,53,德钦县
533423,维西傈僳族自治县,5334,53,维西傈僳族自治县
540102,城关区,5401,54,城关区
540103,堆龙德庆区,5401,54,堆龙德庆区
540104,达孜区,5401,54,达孜区
540121,林周县,5401,54,林周县
540122,当雄县,5401,54,当雄县
540123,尼木县,5401,54,尼木县
540124,曲水县,5401,54,曲水县
540127,墨竹工卡县,5401,54,墨竹工卡县
540171,格尔木藏青工业园区,5401,54,格尔木藏青工业园区
540172,拉萨经济技术开发区,5401,54,拉萨经济技术开发区
540173,西藏文化旅游创意园区,5401,54,西藏文化旅游创意园区
540174,达孜工业园区,5401,54,达孜工业园区
540202,桑珠孜区,5402,54,桑珠孜区
540221,南木林县,5402,54,南木林县
540222,江孜县,5402,54,江孜县
540223,定日县,5402,54,定日县
540224,萨迦县,5402,54,萨迦县
540225,拉孜县,5402,54,拉孜县
540226,昂仁县,5402,54,昂仁县
540227,谢通门县,5402,54,谢通门县
540228,白朗县,5402,54,白朗县
540229,仁布县,5402,54,仁布县
540230,康马县,5402,54,康马县
540231,定结县,5402,54,定结县
540232,仲巴县,5402,54,仲巴县
540233,亚东县,5402,54,亚东县
540234,吉隆县,5402,54,吉隆县
540235,聂拉木县,5402,54,聂拉木县
540236,萨嘎县,5402,54,萨嘎县
540237,岗巴县,5402,54,岗巴县
540302,卡若区,5403,54,卡若区
540321,江达县,5403,54,江达县
540322,贡觉县,5403,54,贡觉县
540323,类乌齐县,5403,54,类乌齐县
540324,丁青县,5403,54,丁青县
540325,察雅县,5403,54,察雅县
540326,八宿县,5403,54,八宿县
540327,左贡县,5403,54,左贡县
540328,芒康县,5403,54,芒康县
540329,洛隆县,5403,54,洛隆县
540330,边坝县,5403,54,边坝县
540402,巴宜区,5404,54,巴宜区
540421,工布江达县,5404,54,工布江达县
540422,米林县,5404,54,米林县
540423,墨脱县,5404,54,墨脱县
540424,波密县,5404,54,波密县
540425,察隅县,5404,54,察隅县
540426,朗县,5404,54,朗县
540502,乃东区,5405,54,乃东区
540521,扎囊县,5405,54,扎囊县
540522,贡嘎县,5405,54,贡嘎县
540523,桑日县,5405,54,桑日县
540524,琼结县,5405,54,琼结县
540525,曲松县,5405,54,曲松县
540526,措美县,5405,54,措美县
540527,洛扎县,5405,54,洛扎县
540528,加查县,5405,54,加查县
540529,隆子县,5405,54,隆子县
540530,错那县,5405,54,错那县
540531,浪卡子县,5405,54,浪卡子县
540602,色尼区,5406,54,色尼区
540621,嘉黎县,5406,54,嘉黎县
540622,比如县,5406,54,比如县
540623,聂荣县,5406,54,聂荣县
540624,安多县,5406,54,安多县
540625,申扎县,5406,54,申扎县
540626,索县,5406,54,索县
540627,班戈县,5406,54,班戈县
540628,巴青县,5406,54,巴青县
540629,尼玛县,5406,54,尼玛县
540630,双湖县,5406,54,双湖县
542521,普兰县,5425,54,普兰县
542522,札达县,5425,54,札达县
542523,噶尔县,5425,54,噶尔县
542524,日土县,5425,54,日土县
542525,革吉县,5425,54,革吉县
542526,改则县,5425,54,改则县
542527,措勤县,5425,54,措勤县
610102,新城区,6101,61,新城区
610103,碑林区,6101,61,碑林区
610104,莲湖区,6101,61,莲湖区
610111,灞桥区,6101,61,灞桥区
610112,未央区,6101,61,未央区
610113,雁塔区,6101,61,雁塔区
610114,阎良区,6101,61,阎良区
610115,临潼区,6101,61,临潼区
610116,长安区,6101,61,长安区
610117,高陵区,6101,61,高陵区
610118,鄠邑区,6101,61,鄠邑区
610122,蓝田县,6101,61,蓝田县
610124,周至县,6101,61,周至县
610202,王益区,6102,61,王益区
610203,印台区,6102,61,印台区
610204,耀州区,6102,61,耀州区
610222,宜君县,6102,61,宜君县
610302,渭滨区,6103,61,渭滨区
610303,金台区,6103,61,金台区
610304,陈仓区,6103,61,陈仓区
610322,凤翔县,6103,61,凤翔县
610323,岐山县,6103,61,岐山县
610324,扶风县,6103,61,扶风县
610326,眉县,6103,61,眉县
610327,陇县,6103,61,陇县
610328,千阳县,6103,61,千阳县
610329,麟游县,6103,61,麟游县
610330,凤县,6103,61,凤县
610331,太白县,6103,61,太白县
610402,秦都区,6104,61,秦都区
610403,杨陵区,6104,61,杨陵区
610404,渭城区,6104,61,渭城区
610422,三原县,6104,61,三原县
610423,泾阳县,6104,61,泾阳县
610424,乾县,6104,61,乾县
610425,礼泉县,6104,61,礼泉县
610426,永寿县,6104,61,永寿县
610428,长武县,6104,61,长武县
610429,旬邑县,6104,61,旬邑县
610430,淳化县,6104,61,淳化县
610431,武功县,6104,61,武功县
610481,兴平市,6104,61,兴平市
610482,彬州市,6104,61,彬州市
610502,临渭区,6105,61,临渭区
610503,华州区,6105,61,华州区
610522,潼关县,6105,61,潼关县
610523,大荔县,6105,61,大荔县
610524,合阳县,6105,61,合阳县
610525,澄城县,6105,61,澄城县
610526,蒲城县,6105,61,蒲城县
610527,白水县,6105,61,白水县
610528,富平县,6105,61,富平县
610581,韩城市,6105,61,韩城市
610582,华阴市,6105,61,华阴市
610602,宝塔区,6106,61,宝塔区
610603,安塞区,6106,61,安塞区
610621,延长县,6106,61,延长县
610622,延川县,6106,61,延川县
610625,志丹县,6106,61,志丹县
610626,吴起县,6106,61,吴起县
610627,甘泉县,6106,61,甘泉县
610628,富县,6106,61,富县
610629,洛川县,6106,61,洛川县
610630,宜川县,6106,61,宜川县
610631,黄龙县,6106,61,黄龙县
610632,黄陵县,6106,61,黄陵县
610681,子长市,6106,61,子长市
610702,汉台区,6107,61,汉台区
610703,南郑区,6107,61,南郑区
610722,城固县,6107,61,城固县
610723,洋县,6107,61,洋县
610724,西乡县,6107,61,西乡县
610725,勉县,6107,61,勉县
610726,宁强县,6107,61,宁强县
610727,略阳县,6107,61,略阳县
610728,镇巴县,6107,61,镇巴县
610729,留坝县,6107,61,留坝县
610730,佛坪县,6107,61,佛坪县
610802,榆阳区,6108,61,榆阳区
610803,横山区,6108,61,横山区
610822,府谷县,6108,61,府谷县
610824,靖边县,6108,61,靖边县
610825,定边县,6108,61,定边县
610826,绥德县,6108,61,绥德县
610827,米脂县,6108,61,米脂县
610828,佳县,6108,61,佳县
610829,吴堡县,6108,61,吴堡县
610830,清涧县,6108,61,清涧县
610831,子洲县,6108,61,子洲县
610881,神木市,6108,61,神木市
610902,汉滨区,6109,61,汉滨区
610921,汉阴县,6109,61,汉阴县
610922,石泉县,6109,61,石泉县
610923,宁陕县,6109,61,宁陕县
610924,紫阳县,6109,61,紫阳县
610925,岚皋县,6109,61,岚皋县
610926,平利县,6109,61,平利县
610927,镇坪县,6109,61,镇坪县
610928,旬阳县,6109,61,旬阳县
610929,白河县,6109,61,白河县
611002,商州区,6110,61,商州区
611021,洛南县,6110,61,洛南县
611022,丹凤县,6110,61,丹凤县
611023,商南县,6110,61,商南县
611024,山阳县,6110,61,山阳县
611025,镇安县,6110,61,镇安县
611026,柞水县,6110,61,柞水县
620102,城关区,6201,62,城关区
620103,七里河区,6201,62,七里河区
620104,西固区,6201,62,西固区
620105,安宁区,6201,62,安宁区
620111,红古区,6201,62,红古区
620121,永登县,6201,62,永登县
620122,皋兰县,6201,62,皋兰县
620123,榆中县,6201,62,榆中县
620171,兰州新区,6201,62,兰州新区
620201,嘉峪关市,6202,62,嘉峪关市
620302,金川区,6203,62,金川区
620321,永昌县,6203,62,永昌县
620402,白银区,6204,62,白银区
620403,平川区,6204,62,平川区
620421,靖远县,6204,62,靖远县
620422,会宁县,6204,62,会宁县
620423,景泰县,6204,62,景泰县
620502,秦州区,6205,62,秦州区
620503,麦积区,6205,62,麦积区
620521,清水县,6205,62,清水县
620522,秦安县,6205,62,秦安县
620523,甘谷县,6205,62,甘谷县
620524,武山县,6205,62,武山县
620525,张家川回族自治县,6205,62,张家川回族自治县
620602,凉州区,6206,62,凉州区
620621,民勤县,6206,62,民勤县
620622,古浪县,6206,62,古浪县
620623,天祝藏族自治县,6206,62,天祝藏族自治县
620702,甘州区,6207,62,甘州区
620721,肃南裕固族自治县,6207,62,肃南裕固族自治县
620722,民乐县,6207,62,民乐县
620723,临泽县,6207,62,临泽县
620724,高台县,6207,62,高台县
620725,山丹县,6207,62,山丹县
620802,崆峒区,6208,62,崆峒区
620821,泾川县,6208,62,泾川县
620822,灵台县,6208,62,灵台县
620823,崇信县,6208,62,崇信县
620825,庄浪县,6208,62,庄浪县
620826,静宁县,6208,62,静宁县
620881,华亭市,6208,62,华亭市
620902,肃州区,6209,62,肃州区
620921,金塔县,6209,62,金塔县
620922,瓜州县,6209,62,瓜州县
620923,肃北蒙古族自治县,6209,62,肃北蒙古族自治县
620924,阿克塞哈萨克族自治县,6209,62,阿克塞哈萨克族自治县
620981,玉门市,6209,62,玉门市
620982,敦煌市,6209,62,敦煌市
621002,西峰区,6210,62,西峰区
621021,庆城县,6210,62,庆城县
621022,环县,6210,62,环县
621023,华池县,6210,62,华池县
621024,合水县,6210,62,合水县
621025,正宁县,6210,62,正宁县
621026,宁县,6210,62,宁县
621027,镇原县,6210,62,镇原县
621102,安定区,6211,62,安定区
621121,通渭县,6211,62,通渭县
621122,陇西县,6211,62,陇西县
621123,渭源县,6211,62,渭源县
621124,临洮县,6211,62,临洮县
621125,漳县,6211,62,漳县
621126,岷县,6211,62,岷县
621202,武都区,6212,62,武都区
621221,成县,6212,62,成县
621222,文县,6212,62,文县
621223,宕昌县,6212,62,宕昌县
621224,康县,6212,62,康县
621225,西和县,6212,62,西和县
621226,礼县,6212,62,礼县
621227,徽县,6212,62,徽县
621228,两当县,6212,62,两当县
622901,临夏市,6229,62,临夏市
622921,临夏县,6229,62,临夏县
622922,康乐县,6229,62,康乐县
622923,永靖县,6229,62,永靖县
622924,广河县,6229,62,广河县
622925,和政县,6229,62,和政县
622926,东乡族自治县,6229,62,东乡族自治县
622927,积石山保安族东乡族撒拉族自治县,6229,62,积石山保安族东乡族撒拉族自治县
623001,合作市,6230,62,合作市
623021,临潭县,6230,62,临潭县
623022,卓尼县,6230,62,卓尼县
623023,舟曲县,6230,62,舟曲县
623024,迭部县,6230,62,迭部县
623025,玛曲县,6230,62,玛曲县
623026,碌曲县,6230,62,碌曲县
623027,夏河县,6230,62,夏河县
630102,城东区,6301,63,城东区
630103,城中区,6301,63,城中区
630104,城西区,6301,63,城西区
630105,城北区,6301,63,城北区
630121,大通回族土族自治县,6301,63,大通回族土族自治县
630122,湟中县,6301,63,湟中县
630123,湟源县,6301,63,湟源县
630202,乐都区,6302,63,乐都区
630203,平安区,6302,63,平安区
630222,民和回族土族自治县,6302,63,民和回族土族自治县
630223,互助土族自治县,6302,63,互助土族自治县
630224,化隆回族自治县,6302,63,化隆回族自治县
630225,循化撒拉族自治县,6302,63,循化撒拉族自治县
632221,门源回族自治县,6322,63,门源回族自治县
632222,祁连县,6322,63,祁连县
632223,海晏县,6322,63,海晏县
632224,刚察县,6322,63,刚察县
632321,同仁县,6323,63,同仁县
632322,尖扎县,6323,63,尖扎县
632323,泽库县,6323,63,泽库县
632324,河南蒙古族自治县,6323,63,河南蒙古族自治县
632521,共和县,6325,63,共和县
632522,同德县,6325,63,同德县
632523,贵德县,6325,63,贵德县
632524,兴海县,6325,63,兴海县
632525,贵南县,6325,63,贵南县
632621,玛沁县,6326,63,玛沁县
632622,班玛县,6326,63,班玛县
632623,甘德县,6326,63,甘德县
632624,达日县,6326,63,达日县
632625,久治县,6326,63,久治县
632626,玛多县,6326,63,玛多县
632701,玉树市,6327,63,玉树市
632722,杂多县,6327,63,杂多县
632723,称多县,6327,63,称多县
632724,治多县,6327,63,治多县
632725,囊谦县,6327,63,囊谦县
632726,曲麻莱县,6327,63,曲麻莱县
632801,格尔木市,6328,63,格尔木市
632802,德令哈市,6328,63,德令哈市
632803,茫崖市,6328,63,茫崖市
632821,乌兰县,6328,63,乌兰县
632822,都兰县,6328,63,都兰县
632823,天峻县,6328,63,天峻县
632857,大柴旦行政委员会,6328,63,大柴旦行政委员会
640104,兴庆区,6401,64,兴庆区
640105,西夏区,6401,64,西夏区
640106,金凤区,6401,64,金凤区
640121,永宁县,6401,64,永宁县
640122,贺兰县,6401,64,贺兰县
640181,灵武市,6401,64,灵武市
640202,大武口区,6402,64,大武口区
640205,惠农区,6402,64,惠农区
640221,平罗县,6402,64,平罗县
640302,利通区,6403,64,利通区
640303,红寺堡区,6403,64,红寺堡区
640323,盐池县,6403,64,盐池县
640324,同心县,6403,64,同心县
640381,青铜峡市,6403,64,青铜峡市
640402,原州区,6404,64,原州区
640422,西吉县,6404,64,西吉县
640423,隆德县,6404,64,隆德县
640424,泾源县,6404,64,泾源县
640425,彭阳县,6404,64,彭阳县
640502,沙坡头区,6405,64,沙坡头区
640521,中宁县,6405,64,中宁县
640522,海原县,6405,64,海原县
650102,天山区,6501,65,天山区
650103,沙依巴克区,6501,65,沙依巴克区
650104,新市区,6501,65,新市区
650105,水磨沟区,6501,65,水磨沟区
650106,头屯河区,6501,65,头屯河区
650107,达坂城区,6501,65,达坂城区
650109,米东区,6501,65,米东区
650121,乌鲁木齐县,6501,65,乌鲁木齐县
650202,独山子区,6502,65,独山子区
650203,克拉玛依区,6502,65,克拉玛依区
650204,白碱滩区,6502,65,白碱滩区
650205,乌尔禾区,6502,65,乌尔禾区
650402,高昌区,6504,65,高昌区
650421,鄯善县,6504,65,鄯善县
650422,托克逊县,6504,65,托克逊县
650502,伊州区,6505,65,伊州区
650521,巴里坤哈萨克自治县,6505,65,巴里坤哈萨克自治县
650522,伊吾县,6505,65,伊吾县
652301,昌吉市,6523,65,昌吉市
652302,阜康市,6523,65,阜康市
652323,呼图壁县,6523,65,呼图壁县
652324,玛纳斯县,6523,65,玛纳斯县
652325,奇台县,6523,65,奇台县
652327,吉木萨尔县,6523,65,吉木萨尔县
652328,木垒哈萨克自治县,6523,65,木垒哈萨克自治县
652701,博乐市,6527,65,博乐市
652702,阿拉山口市,6527,65,阿拉山口市
652722,精河县,6527,65,精河县
652723,温泉县,6527,65,温泉县
652801,库尔勒市,6528,65,库尔勒市
652822,轮台县,6528,65,轮台县
652823,尉犁县,6528,65,尉犁县
652824,若羌县,6528,65,若羌县
652825,且末县,6528,65,且末县
652826,焉耆回族自治县,6528,65,焉耆回族自治县
652827,和静县,6528,65,和静县
652828,和硕县,6528,65,和硕县
652829,博湖县,6528,65,博湖县
652871,库尔勒经济技术开发区,6528,65,库尔勒经济技术开发区
652901,阿克苏市,6529,65,阿克苏市
652922,温宿县,6529,65,温宿县
652923,库车县,6529,65,库车县
652924,沙雅县,6529,65,沙雅县
652925,新和县,6529,65,新和县
652926,拜城县,6529,65,拜城县
652927,乌什县,6529,65,乌什县
652928,阿瓦提县,6529,65,阿瓦提县
652929,柯坪县,6529,65,柯坪县
653001,阿图什市,6530,65,阿图什市
653022,阿克陶县,6530,65,阿克陶县
653023,阿合奇县,6530,65,阿合奇县
653024,乌恰县,6530,65,乌恰县
653101,喀什市,6531,65,喀什市
653121,疏附县,6531,65,疏附县
653122,疏勒县,6531,65,疏勒县
653123,英吉沙县,6531,65,英吉沙县
653124,泽普县,6531,65,泽普县
653125,莎车县,6531,65,莎车县
653126,叶城县,6531,65,叶城县
653127,麦盖提县,6531,65,麦盖提县
653128,岳普湖县,6531,65,岳普湖县
653129,伽师县,6531,65,伽师县
653130,巴楚县,6531,65,巴楚县
653131,塔什库尔干塔吉克自治县,6531,65,塔什库尔干塔吉克自治县
653201,和田市,6532,65,和田市
653221,和田县,6532,65,和田县
653222,墨玉县,6532,65,墨玉县
653223,皮山县,6532,65,皮山县
653224,洛浦县,6532,65,洛浦县
653225,策勒县,6532,65,策勒县
653226,于田县,6532,65,于田县
653227,民丰县,6532,65,民丰县
654002,伊宁市,6540,65,伊宁市
654003,奎屯市,6540,65,奎屯市
654004,霍尔果斯市,6540,65,霍尔果斯市
654021,伊宁县,6540,65,伊宁县
654022,察布查尔锡伯自治县,6540,65,察布查尔锡伯自治县
654023,霍城县,6540,65,霍城县
654024,巩留县,6540,65,巩留县
654025,新源县,6540,65,新源县
654026,昭苏县,6540,65,昭苏县
654027,特克斯县,6540,65,特克斯县
654028,尼勒克县,6540,65,尼勒克县
654201,塔城市,6542,65,塔城市
654202,乌苏市,6542,65,乌苏市
654221,额敏县,6542,65,额敏县
654223,沙湾县,6542,65,沙湾县
654224,托里县,6542,65,托里县
654225,裕民县,6542,65,裕民县
654226,和布克赛尔蒙古自治县,6542,65,和布克赛尔蒙古自治县
654301,阿勒泰市,6543,65,阿勒泰市
654321,布尔津县,6543,65,布尔津县
654322,富蕴县,6543,65,富蕴县
654323,福海县,6543,65,福海县
654324,哈巴河县,6543,65,哈巴河县
654325,青河县,6543,65,青河县
654326,吉木乃县,6543,65,吉木乃县
659001,石河子市,6590,65,石河子市
659002,阿拉尔市,6590,65,阿拉尔市
659003,图木舒克市,6590,65,图木舒克市
659004,五家渠市,6590,65,五家渠市
659006,铁门关市,6590,65,铁门关市
